type,length,azimuth,dip_azimuth,dip,kine,aperture,source
Fracture,82,144,,,,,dem
Fracture,41,138,,,,,dem
Fracture,50,140,,,,,dem
Fracture,10,126,,,,,dem
Fracture,60,107,,,,,dem
Fracture,62,73,,,,,dem
Fracture,24,81,,,,,dem
Fracture,45,69,,,,,dem
Fracture,18,96,,,,,dem
Fracture,54,86,,,,,dem
Fracture,38,88,,,,,dem
Fracture,44,92,,,,,dem
Fracture,54,123,,,,,dem
Fracture,82,58,,,,,dem
Fracture,192,87,,,,,dem
Fracture,9,82,,,,,dem
Fracture,23,61,,,,,dem
Fracture,14,177,,,,,dem
Fracture,50,2,,,,,dem
Fracture,64,58,,,,,dem
Fracture,87,57,,,,,dem
Fracture,42,6,,,,,dem
Fracture,71,123,,,,,dem
Fracture,189,68,,,,,dem
Fracture,55,38,,,,,dem
Fracture,23,62,,,,,dem
Fracture,47,94,,,,,dem
Fracture,67,95,,,,,dem
Fracture,61,94,,,,,dem
Fracture,36,68,,,,,dem
Fracture,74,152,,,,,dem
Fracture,19,86,,,,,dem
Fracture,36,88,,,,,dem
Fracture,13,70,,,,,dem
Fracture,50,34,,,,,dem
Fracture,18,26,,,,,dem
Fracture,100,83,,,,,dem
Fracture,12,77,,,,,dem
Fracture,111,80,,,,,dem
Fracture,49,139,,,,,dem
Fracture,38,72,,,,,dem
Fracture,65,80,,,,,dem
Fracture,30,76,,,,,dem
Fracture,21,99,,,,,dem
Fracture,50,97,,,,,dem
Fracture,11,125,,,,,dem
Fracture,39,92,,,,,dem
Fracture,127,109,,,,,dem
Fracture,199,70,,,,,dem
Fracture,164,65,,,,,dem
Fracture,102,80,,,,,dem
Fracture,52,60,,,,,dem
Fracture,34,75,,,,,dem
Fracture,27,75,,,,,dem
Fracture,51,82,,,,,dem
Fracture,28,30,,,,,dem
Fracture,26,138,,,,,dem
Fracture,33,82,,,,,dem
Fracture,49,81,,,,,dem
Fracture,18,46,,,,,dem
Fracture,75,142,,,,,dem
Fracture,63,79,,,,,dem
Fracture,9,85,,,,,dem
Fracture,43,87,,,,,dem
Fracture,19,78,,,,,dem
Fracture,26,90,,,,,dem
Fracture,23,83,,,,,dem
Fracture,28,87,,,,,dem
Fracture,57,84,,,,,dem
Fracture,23,37,,,,,dem
Fracture,39,140,,,,,dem
Fracture,38,82,,,,,dem
Fracture,62,86,,,,,dem
Fracture,12,84,,,,,dem
Fracture,48,103,,,,,dem
Fracture,29,108,,,,,dem
Fracture,30,82,,,,,dem
Fracture,17,95,,,,,dem
Fracture,42,94,,,,,dem
Fracture,59,80,,,,,dem
Fracture,61,101,,,,,dem
Fracture,73,80,,,,,dem
Fracture,42,79,,,,,dem
Fracture,39,78,,,,,dem
Fracture,83,97,,,,,dem
Fracture,44,99,,,,,dem
Fracture,36,70,,,,,dem
Fracture,24,101,,,,,dem
Fracture,31,84,,,,,dem
Fracture,53,79,,,,,dem
Fracture,32,96,,,,,dem
Fracture,10,42,,,,,dem
Fracture,104,90,,,,,dem
Fracture,36,91,,,,,dem
Fracture,212,87,,,,,dem
Fracture,57,93,,,,,dem
Fracture,54,76,,,,,dem
Fracture,53,96,,,,,dem
Fracture,197,75,,,,,dem
Fracture,93,71,,,,,dem
Fracture,31,20,,,,,dem
Fracture,14,145,,,,,dem
Fracture,36,87,,,,,dem
Fracture,49,86,,,,,dem
Fracture,40,50,,,,,dem
Fracture,23,133,,,,,dem
Fracture,66,103,,,,,dem
Fracture,36,81,,,,,dem
Fracture,38,91,,,,,dem
Fracture,20,81,,,,,dem
Fracture,20,88,,,,,dem
Fracture,31,152,,,,,dem
Fracture,54,148,,,,,dem
Fracture,40,115,,,,,dem
Fracture,62,58,,,,,dem
Fracture,128,130,,,,,dem
Fracture,82,146,,,,,dem
Fracture,171,130,,,,,dem
Fracture,103,43,,,,,dem
Fracture,74,113,,,,,dem
Fracture,55,81,,,,,dem
Fracture,80,106,,,,,dem
Fracture,73,63,,,,,dem
Fracture,47,112,,,,,dem
Fracture,35,84,,,,,dem
Fracture,57,93,,,,,dem
Fracture,58,124,,,,,dem
Fracture,89,117,,,,,dem
Fracture,19,134,,,,,dem
Fracture,60,179,,,,,dem
Fracture,70,91,,,,,dem
Fracture,64,102,,,,,dem
Fracture,57,90,,,,,dem
Fracture,49,82,,,,,dem
Fracture,31,153,,,,,dem
Fracture,30,52,,,,,dem
Fracture,17,143,,,,,dem
Fracture,26,153,,,,,dem
Fracture,99,44,,,,,dem
Fracture,8,137,,,,,dem
Fracture,18,51,,,,,dem
Fracture,31,51,,,,,dem
Fracture,24,75,,,,,dem
Fracture,22,39,,,,,dem
Fracture,21,94,,,,,dem
Fracture,83,90,,,,,dem
Fracture,121,49,,,,,dem
Fracture,12,54,,,,,dem
Fracture,16,89,,,,,dem
Fracture,5,48,,,,,dem
Fracture,117,96,,,,,dem
Fracture,54,50,,,,,dem
Fracture,73,56,,,,,dem
Fracture,51,87,,,,,dem
Fracture,22,94,,,,,dem
Fracture,38,67,,,,,dem
Fracture,85,156,,,,,dem
Fracture,27,68,,,,,dem
Fracture,10,30,,,,,dem
Fracture,26,153,,,,,dem
Fracture,21,95,,,,,dem
Fracture,132,85,,,,,dem
Fracture,35,95,,,,,dem
Fracture,31,99,,,,,dem
Fracture,34,90,,,,,dem
Fracture,32,106,,,,,dem
Fracture,38,69,,,,,dem
Fracture,27,96,,,,,dem
Fracture,59,127,,,,,dem
Fracture,14,99,,,,,dem
Fracture,23,63,,,,,dem
Fracture,8,101,,,,,dem
Fracture,15,121,,,,,dem
Fracture,31,54,,,,,dem
Fracture,20,73,,,,,dem
Fracture,91,97,,,,,dem
Fracture,33,154,,,,,dem
Fracture,75,101,,,,,dem
Fracture,48,52,,,,,dem
Fracture,65,23,,,,,dem
Fracture,71,13,,,,,dem
Fracture,24,93,,,,,dem
Fracture,36,85,,,,,dem
Fracture,64,100,,,,,dem
Fracture,42,91,,,,,dem
Fracture,30,82,,,,,dem
Fracture,29,21,,,,,dem
Fracture,20,165,,,,,dem
Fracture,54,94,,,,,dem
Fracture,59,106,,,,,dem
Fracture,29,91,,,,,dem
Fracture,74,16,,,,,dem
Fracture,13,170,,,,,dem
Fracture,95,12,,,,,dem
Fracture,75,18,,,,,dem
Fracture,37,97,,,,,dem
Fracture,98,87,,,,,dem
Fracture,22,78,,,,,dem
Fracture,27,88,,,,,dem
Fracture,14,92,,,,,dem
Fracture,41,50,,,,,dem
Fracture,26,118,,,,,dem
Fracture,58,93,,,,,dem
Fracture,96,96,,,,,dem
Fracture,22,86,,,,,dem
Fracture,21,78,,,,,dem
Fracture,66,100,,,,,dem
Fracture,55,111,,,,,dem
Fracture,27,74,,,,,dem
Fracture,70,82,,,,,dem
Fracture,26,77,,,,,dem
Fracture,78,93,,,,,dem
Fracture,37,84,,,,,dem
Fracture,15,19,,,,,dem
Fracture,25,54,,,,,dem
Fracture,14,103,,,,,dem
Fracture,36,70,,,,,dem
Fracture,40,80,,,,,dem
Fracture,58,74,,,,,dem
Fracture,52,78,,,,,dem
Fracture,50,38,,,,,dem
Fracture,84,91,,,,,dem
Fracture,28,99,,,,,dem
Fracture,16,45,,,,,dem
Fracture,26,63,,,,,dem
Fracture,55,81,,,,,dem
Fracture,30,46,,,,,dem
Fracture,108,70,,,,,dem
Fracture,63,63,,,,,dem
Fracture,69,66,,,,,dem
Fracture,22,45,,,,,dem
Fracture,90,119,,,,,dem
Fracture,71,106,,,,,dem
Fracture,25,50,,,,,dem
Fracture,28,136,,,,,dem
Fracture,32,143,,,,,dem
Fracture,40,123,,,,,dem
Fracture,44,50,,,,,dem
Fracture,42,76,,,,,dem
Fracture,50,148,,,,,dem
Fracture,92,78,,,,,dem
Fracture,81,88,,,,,dem
Fracture,10,86,,,,,dem
Fracture,13,127,,,,,dem
Fracture,103,151,,,,,dem
Fracture,193,105,,,,,dem
Fracture,100,77,,,,,dem
Fracture,27,153,,,,,dem
Fracture,41,97,,,,,dem
Fracture,7,156,,,,,dem
Fracture,26,81,,,,,dem
Fracture,33,62,,,,,dem
Fracture,15,47,,,,,dem
Fracture,50,60,,,,,dem
Fracture,56,92,,,,,dem
Fracture,94,73,,,,,dem
Fracture,19,86,,,,,dem
Fracture,39,83,,,,,dem
Fracture,26,89,,,,,dem
Fracture,36,91,,,,,dem
Fracture,21,84,,,,,dem
Fracture,94,116,,,,,dem
Fracture,12,56,,,,,dem
Fracture,31,78,,,,,dem
Fracture,8,35,,,,,dem
Fracture,7,140,,,,,dem
Fracture,33,99,,,,,dem
Fracture,28,90,,,,,dem
Fracture,14,45,,,,,dem
Fracture,245,107,,,,,dem
Fracture,97,96,,,,,dem
Fracture,17,88,,,,,dem
Fracture,43,174,,,,,dem
Fracture,28,102,,,,,dem
Fracture,45,144,,,,,dem
Fracture,58,107,,,,,dem
Fracture,14,104,,,,,dem
Fracture,59,104,,,,,dem
Fracture,22,104,,,,,dem
Fracture,70,114,,,,,dem
Fracture,110,102,,,,,dem
Fracture,54,154,,,,,dem
Fracture,35,101,,,,,dem
Fracture,20,156,,,,,dem
Fracture,15,130,,,,,dem
Fracture,32,174,,,,,dem
Fracture,48,162,,,,,dem
Fracture,60,92,,,,,dem
Fracture,91,10,,,,,dem
Fracture,71,150,,,,,dem
Fracture,12,142,,,,,dem
Fracture,50,155,,,,,dem
Fracture,27,90,,,,,dem
Fracture,47,62,,,,,dem
Fracture,19,176,,,,,dem
Fracture,27,171,,,,,dem
Fracture,122,69,,,,,dem
Fracture,46,6,,,,,dem
Fracture,78,160,,,,,dem
Fracture,9,25,,,,,dem
Fracture,64,135,,,,,dem
Fracture,21,28,,,,,dem
Fracture,79,25,,,,,dem
Fracture,130,57,,,,,dem
Fracture,40,88,,,,,dem
Fracture,61,75,,,,,dem
Fracture,132,87,,,,,dem
Fracture,29,93,,,,,dem
Fracture,84,149,,,,,dem
Fracture,86,91,,,,,dem
Fracture,37,139,,,,,dem
Fracture,71,85,,,,,dem
Fracture,74,101,,,,,dem
Fracture,15,131,,,,,dem
Fracture,11,152,,,,,dem
Fracture,48,98,,,,,dem
Fracture,42,86,,,,,dem
Fracture,46,29,,,,,dem
Fracture,106,75,,,,,dem
Fracture,81,11,,,,,dem
Fracture,96,112,,,,,dem
Fracture,15,126,,,,,dem
Fracture,32,133,,,,,dem
Fracture,164,77,,,,,dem
Fracture,31,154,,,,,dem
Fracture,87,90,,,,,dem
Fracture,15,88,,,,,dem
Fracture,29,6,,,,,dem
Fracture,82,50,,,,,dem
Fracture,25,79,,,,,dem
Fracture,56,163,,,,,dem
Fracture,46,63,,,,,dem
Fracture,28,66,,,,,dem
Fracture,27,118,,,,,dem
Fracture,114,98,,,,,dem
Fracture,16,50,,,,,dem
Fracture,84,86,,,,,dem
Fracture,10,47,,,,,dem
Fracture,129,94,,,,,dem
Fracture,32,53,,,,,dem
Fracture,13,45,,,,,dem
Fracture,81,51,,,,,dem
Fracture,123,73,,,,,dem
Fracture,24,50,,,,,dem
Fracture,101,81,,,,,dem
Fracture,23,51,,,,,dem
Fracture,128,49,,,,,dem
Fracture,39,71,,,,,dem
Fracture,24,92,,,,,dem
Fracture,59,46,,,,,dem
Fracture,15,47,,,,,dem
Fracture,31,149,,,,,dem
Fracture,30,50,,,,,dem
Fracture,42,151,,,,,dem
Fracture,81,45,,,,,dem
Fracture,50,7,,,,,dem
Fracture,26,58,,,,,dem
Fracture,56,57,,,,,dem
Fracture,54,72,,,,,dem
Fracture,17,103,,,,,dem
Fracture,190,49,,,,,dem
Fracture,65,50,,,,,dem
Fracture,92,81,,,,,dem
Fracture,34,45,,,,,dem
Fracture,34,91,,,,,dem
Fracture,21,49,,,,,dem
Fracture,108,55,,,,,dem
Fracture,133,115,,,,,dem
Fracture,82,44,,,,,dem
Fracture,14,180,,,,,dem
Fracture,96,47,,,,,dem
Fracture,32,108,,,,,dem
Fracture,75,65,,,,,dem
Fracture,57,64,,,,,dem
Fracture,52,138,,,,,dem
Fracture,86,101,,,,,dem
Fracture,100,132,,,,,dem
Fracture,53,88,,,,,dem
Fracture,99,98,,,,,dem
Fracture,121,53,,,,,dem
Fracture,142,141,,,,,dem
Fracture,39,120,,,,,dem
Fracture,24,120,,,,,dem
Fracture,25,130,,,,,dem
Fracture,82,131,,,,,dem
Fracture,36,111,,,,,dem
Fracture,39,126,,,,,dem
Fracture,46,93,,,,,dem
Fracture,22,142,,,,,dem
Fracture,23,100,,,,,dem
Fracture,70,86,,,,,dem
Fracture,42,124,,,,,dem
Fracture,16,33,,,,,dem
Fracture,28,147,,,,,dem
Fracture,52,131,,,,,dem
Fracture,40,34,,,,,dem
Fracture,42,22,,,,,dem
Fracture,108,80,,,,,dem
Fracture,26,79,,,,,dem
Fracture,33,134,,,,,dem
Fracture,31,83,,,,,dem
Fracture,18,90,,,,,dem
Fracture,32,125,,,,,dem
Fracture,26,136,,,,,dem
Fracture,39,147,,,,,dem
Fracture,44,154,,,,,dem
Fracture,122,138,,,,,dem
Fracture,91,121,,,,,dem
Fracture,50,57,,,,,dem
Fracture,42,92,,,,,dem
Fracture,93,91,,,,,dem
Fracture,123,90,,,,,dem
Fracture,76,39,,,,,dem
Fracture,29,134,,,,,dem
Fracture,44,87,,,,,dem
Fracture,79,92,,,,,dem
Fracture,54,89,,,,,dem
Fracture,172,66,,,,,dem
Fracture,56,79,,,,,dem
Fracture,144,131,,,,,dem
Fracture,66,61,,,,,dem
Fracture,23,93,,,,,dem
Fracture,19,143,,,,,dem
Fracture,11,167,,,,,dem
Fracture,9,44,,,,,dem
Fracture,32,151,,,,,dem
Fracture,25,161,,,,,dem
Fracture,13,147,,,,,dem
Fracture,25,172,,,,,dem
Fracture,28,162,,,,,dem
Fracture,21,86,,,,,dem
Fracture,28,100,,,,,dem
Fracture,57,89,,,,,dem
Fracture,61,68,,,,,dem
Fracture,114,86,,,,,dem
Fracture,46,11,,,,,dem
Fracture,91,75,,,,,dem
Fracture,25,110,,,,,dem
Fracture,33,70,,,,,dem
Fracture,106,36,,,,,dem
Fracture,59,159,,,,,dem
Fracture,123,68,,,,,dem
Fracture,62,92,,,,,dem
Fracture,86,110,,,,,dem
Fracture,14,173,,,,,dem
Fracture,36,124,,,,,dem
Fracture,28,160,,,,,dem
Fracture,37,44,,,,,dem
Fracture,40,130,,,,,dem
Fracture,66,120,,,,,dem
Fracture,32,108,,,,,dem
Fracture,31,114,,,,,dem
Fracture,21,104,,,,,dem
Fracture,117,126,,,,,dem
Fracture,18,35,,,,,dem
Fracture,6,152,,,,,dem
Fracture,16,151,,,,,dem
Fracture,33,108,,,,,dem
Fracture,14,132,,,,,dem
Fracture,28,80,,,,,dem
Fracture,42,87,,,,,dem
Fracture,89,81,,,,,dem
Fracture,20,90,,,,,dem
Fracture,17,70,,,,,dem
Fracture,53,108,,,,,dem
Fracture,182,115,,,,,dem
Fracture,54,121,,,,,dem
Fracture,148,66,,,,,dem
Fracture,345,104,,,,,dem
Fracture,73,71,,,,,dem
Fracture,98,62,,,,,dem
Fracture,49,61,,,,,dem
Fracture,17,65,,,,,dem
Fracture,13,56,,,,,dem
Fracture,110,104,,,,,dem
Fracture,111,60,,,,,dem
Fracture,35,100,,,,,dem
Fracture,63,78,,,,,dem
Fracture,196,56,,,,,dem
Fracture,106,82,,,,,dem
Fracture,124,54,,,,,dem
Fracture,35,49,,,,,dem
Fracture,157,65,,,,,dem
Fracture,144,54,,,,,dem
Fracture,24,17,,,,,dem
Fracture,9,102,,,,,dem
Fracture,28,75,,,,,dem
Fracture,204,94,,,,,dem
Fracture,150,20,,,,,dem
Fracture,35,77,,,,,dem
Fracture,142,114,,,,,dem
Fracture,122,85,,,,,dem
Fracture,142,113,,,,,dem
Fracture,38,89,,,,,dem
Fracture,77,162,,,,,dem
Fracture,38,100,,,,,dem
Fracture,107,95,,,,,dem
Fracture,41,76,,,,,dem
Fracture,157,108,,,,,dem
Fracture,198,108,,,,,dem
Fracture,44,60,,,,,dem
Fracture,97,140,,,,,dem
Fracture,55,71,,,,,dem
Fracture,77,158,,,,,dem
Fracture,16,62,,,,,dem
Fracture,12,155,,,,,dem
Fracture,91,70,,,,,dem
Fracture,29,152,,,,,dem
Fracture,95,132,,,,,dem
Fracture,20,48,,,,,dem
Fracture,22,21,,,,,dem
Fracture,23,7,,,,,dem
Fracture,32,76,,,,,dem
Fracture,81,63,,,,,dem
Fracture,94,88,,,,,dem
Fracture,22,61,,,,,dem
Fracture,8,53,,,,,dem
Fracture,39,147,,,,,dem
Fracture,82,95,,,,,dem
Fracture,74,143,,,,,dem
Fracture,61,71,,,,,dem
Fracture,14,77,,,,,dem
Fracture,51,176,,,,,dem
Fracture,33,94,,,,,dem
Fracture,57,170,,,,,dem
Fracture,35,74,,,,,dem
Fracture,13,37,,,,,dem
Fracture,11,64,,,,,dem
Fracture,91,69,,,,,dem
Fracture,30,3,,,,,dem
Fracture,20,19,,,,,dem
Fracture,17,151,,,,,dem
Fracture,16,107,,,,,dem
Fracture,45,70,,,,,dem
Fracture,66,75,,,,,dem
Fracture,25,66,,,,,dem
Fracture,19,80,,,,,dem
Fracture,59,30,,,,,dem
Fracture,23,83,,,,,dem
Fracture,28,173,,,,,dem
Fracture,77,80,,,,,dem
Fracture,84,71,,,,,dem
Fracture,78,64,,,,,dem
Fracture,24,39,,,,,dem
Fracture,20,159,,,,,dem
Fracture,69,57,,,,,dem
Fracture,65,125,,,,,dem
Fracture,17,52,,,,,dem
Fracture,160,72,,,,,dem
Fracture,64,101,,,,,dem
Fracture,9,39,,,,,dem
Fracture,34,86,,,,,dem
Fracture,102,95,,,,,dem
Fracture,47,78,,,,,dem
Fracture,23,27,,,,,dem
Fracture,28,37,,,,,dem
Fracture,146,39,,,,,dem
Fracture,102,103,,,,,dem
Fracture,107,37,,,,,dem
Fracture,28,78,,,,,dem
Fracture,40,90,,,,,dem
Fracture,76,145,,,,,dem
Fracture,83,94,,,,,dem
Fracture,44,99,,,,,dem
Fracture,50,140,,,,,dem
Fracture,53,121,,,,,dem
Fracture,29,131,,,,,dem
Fracture,17,74,,,,,dem
Fracture,80,44,,,,,dem
Fracture,56,34,,,,,dem
Fracture,46,8,,,,,dem
Fracture,35,147,,,,,dem
Fracture,68,103,,,,,dem
Fracture,53,109,,,,,dem
Fracture,92,68,,,,,dem
Fracture,71,103,,,,,dem
Fracture,19,109,,,,,dem
Fracture,34,66,,,,,dem
Fracture,59,110,,,,,dem
Fracture,65,98,,,,,dem
Fracture,73,49,,,,,dem
Fracture,34,57,,,,,dem
Fracture,137,1,,,,,dem
Fracture,49,51,,,,,dem
Fracture,47,126,,,,,dem
Fracture,127,92,,,,,dem
Fracture,33,22,,,,,dem
Fracture,42,177,,,,,dem
Fracture,116,84,,,,,dem
Fracture,34,111,,,,,dem
Fracture,40,53,,,,,dem
Fracture,8,11,,,,,dem
Fracture,54,3,,,,,dem
Fracture,146,95,,,,,dem
Fracture,29,37,,,,,dem
Fracture,74,73,,,,,dem
Fracture,37,5,,,,,dem
Fracture,15,81,,,,,dem
Fracture,47,80,,,,,dem
Fracture,132,82,,,,,dem
Fracture,95,71,,,,,dem
Fracture,30,15,,,,,dem
Fracture,35,147,,,,,dem
Fracture,27,86,,,,,dem
Fracture,24,148,,,,,dem
Fracture,127,180,,,,,dem
Fracture,21,148,,,,,dem
Fracture,35,62,,,,,dem
Fracture,20,58,,,,,dem
Fracture,46,42,,,,,dem
Fracture,21,31,,,,,dem
Fracture,34,30,,,,,dem
Fracture,43,48,,,,,dem
Fracture,85,2,,,,,dem
Fracture,17,36,,,,,dem
Fracture,18,69,,,,,dem
Fracture,76,64,,,,,dem
Fracture,18,38,,,,,dem
Fracture,28,147,,,,,dem
Fracture,48,171,,,,,dem
Fracture,210,125,,,,,dem
Fracture,25,120,,,,,dem
Fracture,85,54,,,,,dem
Fracture,81,138,,,,,dem
Fracture,31,120,,,,,dem
Fracture,15,66,,,,,dem
Fracture,73,143,,,,,dem
Fracture,24,24,,,,,dem
Fracture,19,154,,,,,dem
Fracture,39,71,,,,,dem
Fracture,6,2,,,,,dem
Fracture,28,180,,,,,dem
Fracture,20,135,,,,,dem
Fracture,8,171,,,,,dem
Fracture,26,68,,,,,dem
Fracture,38,153,,,,,dem
Fracture,27,50,,,,,dem
Fracture,35,72,,,,,dem
Fracture,127,65,,,,,dem
Fracture,45,142,,,,,dem
Fracture,108,78,,,,,dem
Fracture,135,73,,,,,dem
Fracture,15,146,,,,,dem
Fracture,83,126,,,,,dem
Fracture,49,91,,,,,dem
Fracture,15,50,,,,,dem
Fracture,61,74,,,,,dem
Fracture,46,58,,,,,dem
Fracture,53,68,,,,,dem
Fracture,34,31,,,,,dem
Fracture,31,158,,,,,dem
Fracture,48,22,,,,,dem
Fracture,27,145,,,,,dem
Fracture,48,49,,,,,dem
Fracture,34,60,,,,,dem
Fracture,59,37,,,,,dem
Fracture,46,130,,,,,dem
Fracture,30,122,,,,,dem
Fracture,24,67,,,,,dem
Fracture,14,56,,,,,dem
Fracture,82,106,,,,,dem
Fracture,100,84,,,,,dem
Fracture,57,63,,,,,dem
Fracture,79,70,,,,,dem
Fracture,26,28,,,,,dem
Fracture,24,54,,,,,dem
Fracture,28,33,,,,,dem
Fracture,18,133,,,,,dem
Fracture,40,24,,,,,dem
Fracture,63,129,,,,,dem
Fracture,59,137,,,,,dem
Fracture,51,86,,,,,dem
Fracture,60,144,,,,,dem
Fracture,133,137,,,,,dem
Fracture,36,158,,,,,dem
Fracture,87,151,,,,,dem
Fracture,59,62,,,,,dem
Fracture,46,118,,,,,dem
Fracture,41,117,,,,,dem
Fracture,147,86,,,,,dem
Fracture,94,70,,,,,dem
Fracture,77,75,,,,,dem
Fracture,41,84,,,,,dem
Fracture,119,82,,,,,dem
Fracture,96,84,,,,,dem
Fracture,30,147,,,,,dem
Fracture,29,143,,,,,dem
Fracture,66,91,,,,,dem
Fracture,107,90,,,,,dem
Fracture,249,94,,,,,dem
Fracture,32,70,,,,,dem
Fracture,160,77,,,,,dem
Fracture,140,93,,,,,dem
Fracture,21,60,,,,,dem
Fracture,98,82,,,,,dem
Fracture,36,65,,,,,dem
Fracture,70,80,,,,,dem
Fracture,196,89,,,,,dem
Fracture,94,80,,,,,dem
Fracture,32,79,,,,,dem
Fracture,57,37,,,,,dem
Fracture,27,65,,,,,dem
Fracture,151,87,,,,,dem
Fracture,179,98,,,,,dem
Fracture,91,88,,,,,dem
Fracture,7,41,,,,,dem
Fracture,26,163,,,,,dem
Fracture,109,89,,,,,dem
Fracture,36,93,,,,,dem
Fracture,143,85,,,,,dem
Fracture,26,50,,,,,dem
Fracture,27,80,,,,,dem
Fracture,31,77,,,,,dem
Fracture,112,46,,,,,dem
Fracture,43,68,,,,,dem
Fracture,33,63,,,,,dem
Fracture,25,82,,,,,dem
Fracture,55,70,,,,,dem
Fracture,67,90,,,,,dem
Fracture,104,65,,,,,dem
Fracture,55,62,,,,,dem
Fracture,161,60,,,,,dem
Fracture,153,71,,,,,dem
Fracture,11,168,,,,,dem
Fracture,36,72,,,,,dem
Fracture,14,9,,,,,dem
Fracture,4,158,,,,,dem
Fracture,33,138,,,,,dem
Fracture,20,160,,,,,dem
Fracture,123,89,,,,,dem
Fracture,65,136,,,,,dem
Fracture,27,139,,,,,dem
Fracture,8,43,,,,,dem
Fracture,13,144,,,,,dem
Fracture,85,81,,,,,dem
Fracture,25,93,,,,,dem
Fracture,87,37,,,,,dem
Fracture,153,83,,,,,dem
Fracture,55,75,,,,,dem
Fracture,112,63,,,,,dem
Fracture,10,72,,,,,dem
Fracture,52,74,,,,,dem
Fracture,77,24,,,,,dem
Fracture,107,41,,,,,dem
Fracture,53,120,,,,,dem
Fracture,61,76,,,,,dem
Fracture,16,88,,,,,dem
Fracture,48,69,,,,,dem
Fracture,49,68,,,,,dem
Fracture,48,4,,,,,dem
Fracture,31,62,,,,,dem
Fracture,77,78,,,,,dem
Fracture,106,70,,,,,dem
Fracture,54,4,,,,,dem
Fracture,42,137,,,,,dem
Fracture,46,2,,,,,dem
Fracture,88,107,,,,,dem
Fracture,52,66,,,,,dem
Fracture,73,5,,,,,dem
Fracture,82,11,,,,,dem
Fracture,25,14,,,,,dem
Fracture,55,116,,,,,dem
Fracture,176,63,,,,,dem
Fracture,79,60,,,,,dem
Fracture,81,138,,,,,dem
Fracture,55,61,,,,,dem
Fracture,148,31,,,,,dem
Fracture,54,69,,,,,dem
Fracture,72,98,,,,,dem
Fracture,93,126,,,,,dem
Fracture,70,5,,,,,dem
Fracture,79,72,,,,,dem
Fracture,23,120,,,,,dem
Fracture,43,116,,,,,dem
Fracture,33,110,,,,,dem
Fracture,41,132,,,,,dem
Fracture,58,65,,,,,dem
Fracture,51,70,,,,,dem
Fracture,51,71,,,,,dem
Fracture,28,155,,,,,dem
Fracture,36,2,,,,,dem
Fracture,48,0,,,,,dem
Fracture,70,133,,,,,dem
Fracture,26,64,,,,,dem
Fracture,44,48,,,,,dem
Fracture,66,120,,,,,dem
Fracture,94,45,,,,,dem
Fracture,65,63,,,,,dem
Fracture,45,13,,,,,dem
Fracture,80,56,,,,,dem
Fracture,23,20,,,,,dem
Fracture,31,117,,,,,dem
Fracture,68,81,,,,,dem
Fracture,49,59,,,,,dem
Fracture,63,141,,,,,dem
Fracture,21,99,,,,,dem
Fracture,35,70,,,,,dem
Fracture,79,61,,,,,dem
Fracture,204,64,,,,,dem
Fracture,130,7,,,,,dem
Fracture,64,72,,,,,dem
Fracture,42,157,,,,,dem
Fracture,46,95,,,,,dem
Fracture,73,81,,,,,dem
Fracture,26,174,,,,,dem
Fracture,28,177,,,,,dem
Fracture,22,175,,,,,dem
Fracture,49,74,,,,,dem
Fracture,38,125,,,,,dem
Fracture,82,63,,,,,dem
Fracture,90,74,,,,,dem
Fracture,46,34,,,,,dem
Fracture,15,26,,,,,dem
Fracture,79,89,,,,,dem
Fracture,68,42,,,,,dem
Fracture,13,55,,,,,dem
Fracture,33,88,,,,,dem
Fracture,38,56,,,,,dem
Fracture,103,94,,,,,dem
Fracture,133,63,,,,,dem
Fracture,143,75,,,,,dem
Fracture,88,108,,,,,dem
Fracture,144,35,,,,,dem
Fracture,80,59,,,,,dem
Fracture,45,55,,,,,dem
Fracture,434,68,,,,,dem
Fracture,68,89,,,,,dem
Fracture,170,72,,,,,dem
Fracture,157,62,,,,,dem
Fracture,49,48,,,,,dem
Fracture,102,58,,,,,dem
Fracture,210,61,,,,,dem
Fracture,215,55,,,,,dem
Fracture,64,78,,,,,dem
Fracture,104,59,,,,,dem
Fracture,57,146,,,,,dem
Fracture,197,104,,,,,dem
Fracture,80,82,,,,,dem
Fracture,45,104,,,,,dem
Fracture,309,60,,,,,dem
Fracture,164,97,,,,,dem
Fracture,69,45,,,,,dem
Fracture,95,145,,,,,dem
Fracture,146,107,,,,,dem
Fracture,73,141,,,,,dem
Fracture,172,119,,,,,dem
Fracture,138,113,,,,,dem
Fracture,37,114,,,,,dem
Fracture,29,94,,,,,dem
Fracture,99,109,,,,,dem
Fracture,30,66,,,,,dem
Fracture,24,122,,,,,dem
Fracture,12,142,,,,,dem
Fracture,162,80,,,,,dem
Fracture,47,80,,,,,dem
Fracture,42,79,,,,,dem
Fracture,47,105,,,,,dem
Fracture,12,103,,,,,dem
Fracture,12,90,,,,,dem
Fracture,80,95,,,,,dem
Fracture,145,168,,,,,dem
Fracture,17,85,,,,,dem
Fracture,30,84,,,,,dem
Fracture,13,152,,,,,dem
Fracture,14,159,,,,,dem
Fracture,28,120,,,,,dem
Fracture,104,134,,,,,dem
Fracture,27,130,,,,,dem
Fracture,37,131,,,,,dem
Fracture,76,97,,,,,dem
Fracture,30,139,,,,,dem
Fracture,39,103,,,,,dem
Fracture,38,77,,,,,dem
Fracture,85,88,,,,,dem
Fracture,13,66,,,,,dem
Fracture,38,57,,,,,dem
Fracture,45,72,,,,,dem
Fracture,26,38,,,,,dem
Fracture,35,8,,,,,dem
Fracture,160,69,,,,,dem
Fracture,12,84,,,,,dem
Fracture,63,88,,,,,dem
Fracture,84,111,,,,,dem
Fracture,41,122,,,,,dem
Fracture,56,46,,,,,dem
Fracture,92,53,,,,,dem
Fracture,18,126,,,,,dem
Fracture,21,62,,,,,dem
Fracture,111,178,,,,,dem
Fracture,71,128,,,,,dem
Fracture,29,178,,,,,dem
Fracture,37,104,,,,,dem
Fracture,34,87,,,,,dem
Fracture,47,74,,,,,dem
Fracture,96,131,,,,,dem
Fracture,60,114,,,,,dem
Fracture,75,103,,,,,dem
Fracture,17,103,,,,,dem
Fracture,46,83,,,,,dem
Fracture,72,120,,,,,dem
Fracture,85,103,,,,,dem
Fracture,31,75,,,,,dem
Fracture,24,111,,,,,dem
Fracture,33,134,,,,,dem
Fracture,79,79,,,,,dem
Fracture,31,98,,,,,dem
Fracture,42,77,,,,,dem
Fracture,35,39,,,,,dem
Fracture,47,134,,,,,dem
Fracture,79,77,,,,,dem
Fracture,75,98,,,,,dem
Fracture,49,38,,,,,dem
Fracture,47,63,,,,,dem
Fracture,28,33,,,,,dem
Fracture,49,30,,,,,dem
Fracture,59,82,,,,,dem
Fracture,49,108,,,,,dem
Fracture,53,65,,,,,dem
Fracture,144,89,,,,,dem
Fracture,71,47,,,,,dem
Fracture,24,139,,,,,dem
Fracture,54,19,,,,,dem
Fracture,95,39,,,,,dem
Fracture,43,57,,,,,dem
Fracture,31,76,,,,,dem
Fracture,95,124,,,,,dem
Fracture,29,4,,,,,dem
Fracture,34,30,,,,,dem
Fracture,31,134,,,,,dem
Fracture,39,125,,,,,dem
Fracture,29,130,,,,,dem
Fracture,65,104,,,,,dem
Fracture,186,133,,,,,dem
Fracture,100,110,,,,,dem
Fracture,87,100,,,,,dem
Fracture,77,84,,,,,dem
Fracture,36,100,,,,,dem
Fracture,34,100,,,,,dem
Fracture,73,112,,,,,dem
Fracture,146,78,,,,,dem
Fracture,66,49,,,,,dem
Fracture,67,81,,,,,dem
Fracture,56,80,,,,,dem
Fracture,65,72,,,,,dem
Fracture,54,96,,,,,dem
Fracture,44,94,,,,,dem
Fracture,103,93,,,,,dem
Fracture,118,91,,,,,dem
Fracture,23,74,,,,,dem
Fracture,63,115,,,,,dem
Fracture,18,77,,,,,dem
Fracture,24,79,,,,,dem
Fracture,14,41,,,,,dem
Fracture,34,169,,,,,dem
Fracture,19,110,,,,,dem
Fracture,16,112,,,,,dem
Fracture,27,106,,,,,dem
Fracture,34,144,,,,,dem
Fracture,31,138,,,,,dem
Fracture,125,148,,,,,dem
Fracture,38,91,,,,,dem
Fracture,57,112,,,,,dem
Fracture,26,96,,,,,dem
Fracture,26,22,,,,,dem
Fracture,28,163,,,,,dem
Fracture,59,97,,,,,dem
Fracture,27,161,,,,,dem
Fracture,14,162,,,,,dem
Fracture,10,56,,,,,dem
Fracture,11,126,,,,,dem
Fracture,45,148,,,,,dem
Fracture,55,142,,,,,dem
Fracture,85,115,,,,,dem
Fracture,87,40,,,,,dem
Fracture,39,98,,,,,dem
Fracture,28,82,,,,,dem
Fracture,69,67,,,,,dem
Fracture,58,60,,,,,dem
Fracture,27,133,,,,,dem
Fracture,33,66,,,,,dem
Fracture,90,91,,,,,dem
Fracture,36,6,,,,,dem
Fracture,18,69,,,,,dem
Fracture,60,47,,,,,dem
Fracture,38,62,,,,,dem
Fracture,94,126,,,,,dem
Fracture,41,75,,,,,dem
Fracture,40,61,,,,,dem
Fracture,30,73,,,,,dem
Fracture,87,69,,,,,dem
Fracture,82,105,,,,,dem
Fracture,60,108,,,,,dem
Fracture,97,91,,,,,dem
Fracture,66,88,,,,,dem
Fracture,56,78,,,,,dem
Fracture,79,114,,,,,dem
Fracture,35,122,,,,,dem
Fracture,68,86,,,,,dem
Fracture,67,90,,,,,dem
Fracture,131,105,,,,,dem
Fracture,76,103,,,,,dem
Fracture,93,110,,,,,dem
Fracture,43,128,,,,,dem
Fracture,79,134,,,,,dem
Fracture,112,120,,,,,dem
Fracture,72,45,,,,,dem
Fracture,38,133,,,,,dem
Fracture,246,41,,,,,dem
Fracture,124,92,,,,,dem
Fracture,43,86,,,,,dem
Fracture,198,110,,,,,dem
Fracture,16,32,,,,,dem
Fracture,166,84,,,,,dem
Fracture,82,130,,,,,dem
Fracture,24,152,,,,,dem
Fracture,76,116,,,,,dem
Fracture,19,128,,,,,dem
Fracture,58,133,,,,,dem
Fracture,40,113,,,,,dem
Fracture,29,118,,,,,dem
Fracture,31,79,,,,,dem
Fracture,61,106,,,,,dem
Fracture,71,126,,,,,dem
Fracture,191,54,,,,,dem
Fracture,31,108,,,,,dem
Fracture,44,81,,,,,dem
Fracture,31,96,,,,,dem
Fracture,443,77,,,,,dem
Fracture,24,154,,,,,dem
Fracture,70,28,,,,,dem
Fracture,25,25,,,,,dem
Fracture,242,61,,,,,dem
Fracture,18,33,,,,,dem
Fracture,188,39,,,,,dem
Fracture,109,67,,,,,dem
Fracture,37,60,,,,,dem
Fracture,41,12,,,,,dem
Fracture,128,80,,,,,dem
Fracture,104,82,,,,,dem
Fracture,26,95,,,,,dem
Fracture,27,55,,,,,dem
Fracture,190,50,,,,,dem
Fracture,82,63,,,,,dem
Fracture,131,45,,,,,dem
Fracture,28,58,,,,,dem
Fracture,64,109,,,,,dem
Fracture,64,64,,,,,dem
Fracture,45,40,,,,,dem
Fracture,32,73,,,,,dem
Fracture,58,133,,,,,dem
Fracture,61,53,,,,,dem
Fracture,25,76,,,,,dem
Fracture,48,133,,,,,dem
Fracture,51,41,,,,,dem
Fracture,32,41,,,,,dem
Fracture,19,12,,,,,dem
Fracture,15,8,,,,,dem
Fracture,26,66,,,,,dem
Fracture,55,125,,,,,dem
Fracture,86,55,,,,,dem
Fracture,51,60,,,,,dem
Fracture,68,56,,,,,dem
Fracture,46,69,,,,,dem
Fracture,33,40,,,,,dem
Fracture,168,97,,,,,dem
Fracture,183,89,,,,,dem
Fracture,84,14,,,,,dem
Fracture,15,63,,,,,dem
Fracture,37,117,,,,,dem
Fracture,117,120,,,,,dem
Fracture,57,119,,,,,dem
Fracture,45,109,,,,,dem
Fracture,40,122,,,,,dem
Fracture,37,24,,,,,dem
Fracture,16,53,,,,,dem
Fracture,35,145,,,,,dem
Fracture,64,140,,,,,dem
Fracture,46,154,,,,,dem
Fracture,89,88,,,,,dem
Fracture,49,49,,,,,dem
Fracture,28,91,,,,,dem
Fracture,26,50,,,,,dem
Fracture,43,101,,,,,dem
Fracture,45,41,,,,,dem
Fracture,23,72,,,,,dem
Fracture,10,98,,,,,dem
Fracture,42,49,,,,,dem
Fracture,46,64,,,,,dem
Fracture,35,118,,,,,dem
Fracture,57,115,,,,,dem
Fracture,67,84,,,,,dem
Fracture,32,40,,,,,dem
Fracture,75,38,,,,,dem
Fracture,28,35,,,,,dem
Fracture,87,98,,,,,dem
Fracture,35,43,,,,,dem
Fracture,67,93,,,,,dem
Fracture,15,79,,,,,dem
Fracture,78,89,,,,,dem
Fracture,35,13,,,,,dem
Fracture,23,158,,,,,dem
Fracture,69,58,,,,,dem
Fracture,27,51,,,,,dem
Fracture,125,94,,,,,dem
Fracture,17,53,,,,,dem
Fracture,73,88,,,,,dem
Fracture,156,62,,,,,dem
Fracture,46,90,,,,,dem
Fracture,44,89,,,,,dem
Fracture,59,89,,,,,dem
Fracture,35,83,,,,,dem
Fracture,46,115,,,,,dem
Fracture,12,43,,,,,dem
Fracture,54,77,,,,,dem
Fracture,71,79,,,,,dem
Fracture,67,91,,,,,dem
Fracture,133,79,,,,,dem
Fracture,274,89,,,,,dem
Fracture,62,93,,,,,dem
Fracture,79,171,,,,,dem
Fracture,24,93,,,,,dem
Fracture,37,80,,,,,dem
Fracture,265,170,,,,,dem
Fracture,141,95,,,,,dem
Fracture,68,87,,,,,dem
Fracture,26,179,,,,,dem
Fracture,52,177,,,,,dem
Fracture,40,178,,,,,dem
Fracture,37,59,,,,,dem
Fracture,35,170,,,,,dem
Fracture,21,52,,,,,dem
Fracture,92,146,,,,,dem
Fracture,66,67,,,,,dem
Fracture,150,57,,,,,dem
Fracture,88,15,,,,,dem
Fracture,139,58,,,,,dem
Fracture,185,89,,,,,dem
Fracture,49,67,,,,,dem
Fracture,62,87,,,,,dem
Fracture,49,57,,,,,dem
Fracture,34,32,,,,,dem
Fracture,91,166,,,,,dem
Fracture,20,60,,,,,dem
Fracture,26,58,,,,,dem
Fracture,40,173,,,,,dem
Fracture,40,50,,,,,dem
Fracture,93,173,,,,,dem
Fracture,139,54,,,,,dem
Fracture,19,134,,,,,dem
Fracture,54,59,,,,,dem
Fracture,72,1,,,,,dem
Fracture,101,61,,,,,dem
Fracture,176,92,,,,,dem
Fracture,141,62,,,,,dem
Fracture,72,66,,,,,dem
Fracture,30,70,,,,,dem
Fracture,38,47,,,,,dem
Fracture,70,82,,,,,dem
Fracture,49,172,,,,,dem
Fracture,59,1,,,,,dem
Fracture,43,67,,,,,dem
Fracture,8,153,,,,,dem
Fracture,43,111,,,,,dem
Fracture,11,162,,,,,dem
Fracture,48,122,,,,,dem
Fracture,9,165,,,,,dem
Fracture,26,163,,,,,dem
Fracture,64,152,,,,,dem
Fracture,69,24,,,,,dem
Fracture,6,173,,,,,dem
Fracture,39,63,,,,,dem
Fracture,6,170,,,,,dem
Fracture,26,146,,,,,dem
Fracture,81,154,,,,,dem
Fracture,48,64,,,,,dem
Fracture,43,49,,,,,dem
Fracture,37,58,,,,,dem
Fracture,52,56,,,,,dem
Fracture,57,139,,,,,dem
Fracture,75,56,,,,,dem
Fracture,84,60,,,,,dem
Fracture,110,91,,,,,dem
Fracture,24,27,,,,,dem
Fracture,23,91,,,,,dem
Fracture,69,22,,,,,dem
Fracture,42,98,,,,,dem
Fracture,38,98,,,,,dem
Fracture,78,112,,,,,dem
Fracture,43,84,,,,,dem
Fracture,24,71,,,,,dem
Fracture,117,67,,,,,dem
Fracture,117,61,,,,,dem
Fracture,23,47,,,,,dem
Fracture,33,128,,,,,dem
Fracture,55,55,,,,,dem
Fracture,77,72,,,,,dem
Fracture,63,67,,,,,dem
Fracture,39,23,,,,,dem
Fracture,18,139,,,,,dem
Fracture,66,42,,,,,dem
Fracture,86,41,,,,,dem
Fracture,49,61,,,,,dem
Fracture,61,99,,,,,dem
Fracture,111,53,,,,,dem
Fracture,11,64,,,,,dem
Fracture,91,92,,,,,dem
Fracture,53,96,,,,,dem
Fracture,26,135,,,,,dem
Fracture,33,65,,,,,dem
Fracture,138,84,,,,,dem
Fracture,83,72,,,,,dem
Fracture,109,84,,,,,dem
Fracture,37,85,,,,,dem
Fracture,35,67,,,,,dem
Fracture,55,93,,,,,dem
Fracture,40,77,,,,,dem
Fracture,57,114,,,,,dem
Fracture,50,82,,,,,dem
Fracture,97,47,,,,,dem
Fracture,35,104,,,,,dem
Fracture,69,50,,,,,dem
Fracture,17,113,,,,,dem
Fracture,50,73,,,,,dem
Fracture,23,47,,,,,dem
Fracture,62,96,,,,,dem
Fracture,31,64,,,,,dem
Fracture,41,156,,,,,dem
Fracture,47,66,,,,,dem
Fracture,82,120,,,,,dem
Fracture,53,68,,,,,dem
Fracture,84,50,,,,,dem
Fracture,7,56,,,,,dem
Fracture,76,114,,,,,dem
Fracture,63,122,,,,,dem
Fracture,118,122,,,,,dem
Fracture,201,114,,,,,dem
Fracture,14,137,,,,,dem
Fracture,271,82,,,,,dem
Fracture,137,94,,,,,dem
Fracture,21,122,,,,,dem
Fracture,55,70,,,,,dem
Fracture,287,89,,,,,dem
Fracture,123,73,,,,,dem
Fracture,30,81,,,,,dem
Fracture,45,49,,,,,dem
Fracture,55,68,,,,,dem
Fracture,24,32,,,,,dem
Fracture,35,156,,,,,dem
Fracture,73,117,,,,,dem
Fracture,29,140,,,,,dem
Fracture,79,123,,,,,dem
Fracture,23,95,,,,,dem
Fracture,9,159,,,,,dem
Fracture,74,72,,,,,dem
Fracture,39,88,,,,,dem
Fracture,28,115,,,,,dem
Fracture,17,130,,,,,dem
Fracture,22,102,,,,,dem
Fracture,27,86,,,,,dem
Fracture,56,128,,,,,dem
Fracture,17,86,,,,,dem
Fracture,92,107,,,,,dem
Fracture,34,116,,,,,dem
Fracture,14,90,,,,,dem
Fracture,19,63,,,,,dem
Fracture,26,66,,,,,dem
Fracture,34,74,,,,,dem
Fracture,10,40,,,,,dem
Fracture,44,99,,,,,dem
Fracture,129,126,,,,,dem
Fracture,44,128,,,,,dem
Fracture,133,124,,,,,dem
Fracture,225,87,,,,,dem
Fracture,145,137,,,,,dem
Fracture,30,82,,,,,dem
Fracture,17,93,,,,,dem
Fracture,31,114,,,,,dem
Fracture,19,91,,,,,dem
Fracture,36,115,,,,,dem
Fracture,10,125,,,,,dem
Fracture,46,144,,,,,dem
Fracture,15,54,,,,,dem
Fracture,58,129,,,,,dem
Fracture,25,171,,,,,dem
Fracture,90,89,,,,,dem
Fracture,17,29,,,,,dem
Fracture,14,163,,,,,dem
Fracture,159,154,,,,,dem
Fracture,32,123,,,,,dem
Fracture,47,118,,,,,dem
Fracture,85,96,,,,,dem
Fracture,24,111,,,,,dem
Fracture,46,107,,,,,dem
Fracture,33,84,,,,,dem
Fracture,20,35,,,,,dem
Fracture,21,121,,,,,dem
Fracture,33,122,,,,,dem
Fracture,28,139,,,,,dem
Fracture,22,89,,,,,dem
Fracture,26,89,,,,,dem
Fracture,82,148,,,,,dem
Fracture,53,97,,,,,dem
Fracture,32,88,,,,,dem
Fracture,73,90,,,,,dem
Fracture,52,97,,,,,dem
Fracture,28,27,,,,,dem
Fracture,119,139,,,,,dem
Fracture,12,137,,,,,dem
Fracture,39,84,,,,,dem
Fracture,30,88,,,,,dem
Fracture,9,48,,,,,dem
Fracture,209,12,,,,,dem
Fracture,46,178,,,,,dem
Fracture,40,88,,,,,dem
Fracture,48,138,,,,,dem
Fracture,16,135,,,,,dem
Fracture,13,137,,,,,dem
Fracture,0,0,,,,,dem
Fracture,84,159,,,,,dem
Fracture,35,79,,,,,dem
Fracture,75,83,,,,,dem
Fracture,24,32,,,,,dem
Fracture,23,175,,,,,dem
Fracture,28,143,,,,,dem
Fracture,30,157,,,,,dem
Fracture,59,50,,,,,dem
Fracture,17,151,,,,,dem
Fracture,22,83,,,,,dem
Fracture,101,70,,,,,dem
Fracture,22,123,,,,,dem
Fracture,53,155,,,,,dem
Fracture,29,122,,,,,dem
Fracture,75,134,,,,,dem
Fracture,24,90,,,,,dem
Fracture,14,119,,,,,dem
Fracture,29,121,,,,,dem
Fracture,18,161,,,,,dem
Fracture,15,13,,,,,dem
Fracture,40,92,,,,,dem
Fracture,24,99,,,,,dem
Fracture,24,81,,,,,dem
Fracture,25,81,,,,,dem
Fracture,17,119,,,,,dem
Fracture,32,158,,,,,dem
Fracture,20,13,,,,,dem
Fracture,85,179,,,,,dem
Fracture,29,117,,,,,dem
Fracture,45,172,,,,,dem
Fracture,17,91,,,,,dem
Fracture,18,146,,,,,dem
Fracture,28,111,,,,,dem
Fracture,57,111,,,,,dem
Fracture,43,111,,,,,dem
Fracture,56,128,,,,,dem
Fracture,30,101,,,,,dem
Fracture,20,134,,,,,dem
Fracture,39,78,,,,,dem
Fracture,50,127,,,,,dem
Fracture,66,106,,,,,dem
Fracture,50,64,,,,,dem
Fracture,41,120,,,,,dem
Fracture,31,103,,,,,dem
Fracture,54,90,,,,,dem
Fracture,86,104,,,,,dem
Fracture,48,114,,,,,dem
Fracture,42,59,,,,,dem
Fracture,39,99,,,,,dem
Fracture,42,106,,,,,dem
Fracture,128,71,,,,,dem
Fracture,58,109,,,,,dem
Fracture,14,41,,,,,dem
Fracture,11,170,,,,,dem
Fracture,77,92,,,,,dem
Fracture,13,57,,,,,dem
Fracture,73,65,,,,,dem
Fracture,71,55,,,,,dem
Fracture,53,45,,,,,dem
Fracture,42,140,,,,,dem
Fracture,91,98,,,,,dem
Fracture,39,171,,,,,dem
Fracture,34,90,,,,,dem
Fracture,30,76,,,,,dem
Fracture,45,87,,,,,dem
Fracture,48,124,,,,,dem
Fracture,33,110,,,,,dem
Fracture,50,144,,,,,dem
Fracture,56,92,,,,,dem
Fracture,38,97,,,,,dem
Fracture,44,92,,,,,dem
Fracture,18,167,,,,,dem
Fracture,43,113,,,,,dem
Fracture,14,169,,,,,dem
Fracture,47,83,,,,,dem
Fracture,74,99,,,,,dem
Fracture,78,57,,,,,dem
Fracture,35,94,,,,,dem
Fracture,25,153,,,,,dem
Fracture,53,69,,,,,dem
Fracture,55,172,,,,,dem
Fracture,41,88,,,,,dem
Fracture,75,108,,,,,dem
Fracture,54,167,,,,,dem
Fracture,41,176,,,,,dem
Fracture,26,33,,,,,dem
Fracture,29,100,,,,,dem
Fracture,158,99,,,,,dem
Fracture,19,96,,,,,dem
Fracture,24,103,,,,,dem
Fracture,7,158,,,,,dem
Fracture,63,21,,,,,dem
Fracture,157,26,,,,,dem
Fracture,92,102,,,,,dem
Fracture,170,25,,,,,dem
Fracture,17,92,,,,,dem
Fracture,61,57,,,,,dem
Fracture,52,68,,,,,dem
Fracture,31,2,,,,,dem
Fracture,51,14,,,,,dem
Fracture,49,39,,,,,dem
Fracture,18,68,,,,,dem
Fracture,53,33,,,,,dem
Fracture,26,71,,,,,dem
Fracture,73,59,,,,,dem
Fracture,99,41,,,,,dem
Fracture,164,75,,,,,dem
Fracture,24,93,,,,,dem
Fracture,37,156,,,,,dem
Fracture,17,16,,,,,dem
Fracture,21,17,,,,,dem
Fracture,30,43,,,,,dem
Fracture,33,48,,,,,dem
Fracture,43,87,,,,,dem
Fracture,174,19,,,,,dem
Fracture,99,84,,,,,dem
Fracture,30,96,,,,,dem
Fracture,110,82,,,,,dem
Fracture,32,94,,,,,dem
Fracture,35,163,,,,,dem
Fracture,186,173,,,,,dem
Fracture,73,171,,,,,dem
Fracture,139,61,,,,,dem
Fracture,66,100,,,,,dem
Fracture,60,94,,,,,dem
Fracture,89,96,,,,,dem
Fracture,21,121,,,,,dem
Fracture,45,18,,,,,dem
Fracture,27,176,,,,,dem
Fracture,46,107,,,,,dem
Fracture,45,98,,,,,dem
Fracture,46,173,,,,,dem
Fracture,52,78,,,,,dem
Fracture,58,9,,,,,dem
Fracture,40,176,,,,,dem
Fracture,27,161,,,,,dem
Fracture,46,135,,,,,dem
Fracture,19,94,,,,,dem
Fracture,28,175,,,,,dem
Fracture,59,105,,,,,dem
Fracture,50,77,,,,,dem
Fracture,65,162,,,,,dem
Fracture,36,79,,,,,dem
Fracture,56,79,,,,,dem
Fracture,29,35,,,,,dem
Fracture,112,41,,,,,dem
Fracture,14,62,,,,,dem
Fracture,61,75,,,,,dem
Fracture,34,63,,,,,dem
Fracture,91,54,,,,,dem
Fracture,34,90,,,,,dem
Fracture,24,57,,,,,dem
Fracture,52,93,,,,,dem
Fracture,17,90,,,,,dem
Fracture,31,96,,,,,dem
Fracture,39,31,,,,,dem
Fracture,19,80,,,,,dem
Fracture,15,159,,,,,dem
Fracture,76,88,,,,,dem
Fracture,18,85,,,,,dem
Fracture,33,82,,,,,dem
Fracture,52,36,,,,,dem
Fracture,47,2,,,,,dem
Fracture,70,70,,,,,dem
Fracture,92,90,,,,,dem
Fracture,87,67,,,,,dem
Fracture,21,40,,,,,dem
Fracture,37,97,,,,,dem
Fracture,142,61,,,,,dem
Fracture,47,154,,,,,dem
Fracture,242,121,,,,,dem
Fracture,112,105,,,,,dem
Fracture,14,169,,,,,dem
Fracture,52,9,,,,,dem
Fracture,13,127,,,,,dem
Fracture,86,65,,,,,dem
Fracture,35,48,,,,,dem
Fracture,37,60,,,,,dem
Fracture,120,31,,,,,dem
Fracture,14,31,,,,,dem
Fracture,63,97,,,,,dem
Fracture,40,90,,,,,dem
Fracture,29,104,,,,,dem
Fracture,55,142,,,,,dem
Fracture,123,57,,,,,dem
Fracture,19,35,,,,,dem
Fracture,50,58,,,,,dem
Fracture,13,51,,,,,dem
Fracture,64,171,,,,,dem
Fracture,41,50,,,,,dem
Fracture,39,84,,,,,dem
Fracture,55,105,,,,,dem
Fracture,93,73,,,,,dem
Fracture,12,41,,,,,dem
Fracture,20,23,,,,,dem
Fracture,24,66,,,,,dem
Fracture,8,18,,,,,dem
Fracture,19,63,,,,,dem
Fracture,33,25,,,,,dem
Fracture,26,68,,,,,dem
Fracture,39,83,,,,,dem
Fracture,19,31,,,,,dem
Fracture,35,152,,,,,dem
Fracture,16,156,,,,,dem
Fracture,54,89,,,,,dem
Fracture,40,168,,,,,dem
Fracture,58,88,,,,,dem
Fracture,37,161,,,,,dem
Fracture,24,161,,,,,dem
Fracture,61,171,,,,,dem
Fracture,24,158,,,,,dem
Fracture,15,72,,,,,dem
Fracture,35,141,,,,,dem
Fracture,26,122,,,,,dem
Fracture,75,139,,,,,dem
Fracture,28,54,,,,,dem
Fracture,9,78,,,,,dem
Fracture,37,134,,,,,dem
Fracture,18,117,,,,,dem
Fracture,68,86,,,,,dem
Fracture,50,61,,,,,dem
Fracture,26,126,,,,,dem
Fracture,10,85,,,,,dem
Fracture,39,2,,,,,dem
Fracture,29,173,,,,,dem
Fracture,52,92,,,,,dem
Fracture,41,6,,,,,dem
Fracture,42,170,,,,,dem
Fracture,114,84,,,,,dem
Fracture,21,141,,,,,dem
Fracture,88,33,,,,,dem
Fracture,37,117,,,,,dem
Fracture,49,159,,,,,dem
Fracture,33,102,,,,,dem
Fracture,99,102,,,,,dem
Fracture,35,147,,,,,dem
Fracture,21,141,,,,,dem
Fracture,41,173,,,,,dem
Fracture,69,177,,,,,dem
Fracture,7,71,,,,,dem
Fracture,9,21,,,,,dem
Fracture,30,58,,,,,dem
Fracture,47,23,,,,,dem
Fracture,85,78,,,,,dem
Fracture,20,94,,,,,dem
Fracture,36,62,,,,,dem
Fracture,52,38,,,,,dem
Fracture,19,151,,,,,dem
Fracture,26,75,,,,,dem
Fracture,41,111,,,,,dem
Fracture,44,153,,,,,dem
Fracture,19,87,,,,,dem
Fracture,159,92,,,,,dem
Fracture,49,46,,,,,dem
Fracture,191,63,,,,,dem
Fracture,102,51,,,,,dem
Fracture,66,78,,,,,dem
Fracture,74,96,,,,,dem
Fracture,50,67,,,,,dem
Fracture,49,45,,,,,dem
Fracture,34,85,,,,,dem
Fracture,103,84,,,,,dem
Fracture,63,49,,,,,dem
Fracture,34,176,,,,,dem
Fracture,43,18,,,,,dem
Fracture,91,50,,,,,dem
Fracture,67,58,,,,,dem
Fracture,81,64,,,,,dem
Fracture,69,48,,,,,dem
Fracture,66,127,,,,,dem
Fracture,32,58,,,,,dem
Fracture,24,11,,,,,dem
Fracture,64,48,,,,,dem
Fracture,44,69,,,,,dem
Fracture,61,54,,,,,dem
Fracture,76,153,,,,,dem
Fracture,16,9,,,,,dem
Fracture,121,66,,,,,dem
Fracture,72,58,,,,,dem
Fracture,41,153,,,,,dem
Fracture,285,67,,,,,dem
Fracture,51,47,,,,,dem
Fracture,69,36,,,,,dem
Fracture,113,48,,,,,dem
Fracture,44,18,,,,,dem
Fracture,131,74,,,,,dem
Fracture,102,15,,,,,dem
Fracture,53,93,,,,,dem
Fracture,69,56,,,,,dem
Fracture,63,51,,,,,dem
Fracture,32,41,,,,,dem
Fracture,69,62,,,,,dem
Fracture,67,87,,,,,dem
Fracture,50,64,,,,,dem
Fracture,51,135,,,,,dem
Fracture,56,50,,,,,dem
Fracture,27,61,,,,,dem
Fracture,41,75,,,,,dem
Fracture,103,48,,,,,dem
Fracture,65,85,,,,,dem
Fracture,66,54,,,,,dem
Fracture,26,26,,,,,dem
Fracture,47,85,,,,,dem
Fracture,23,114,,,,,dem
Fracture,28,90,,,,,dem
Fracture,58,71,,,,,dem
Fracture,38,108,,,,,dem
Fracture,66,81,,,,,dem
Fracture,46,61,,,,,dem
Fracture,44,81,,,,,dem
Fracture,99,70,,,,,dem
Fracture,26,72,,,,,dem
Fracture,51,66,,,,,dem
Fracture,129,65,,,,,dem
Fracture,29,175,,,,,dem
Fracture,157,72,,,,,dem
Fracture,81,58,,,,,dem
Fracture,87,80,,,,,dem
Fracture,260,70,,,,,dem
Fracture,31,129,,,,,dem
Fracture,17,45,,,,,dem
Fracture,181,123,,,,,dem
Fracture,75,92,,,,,dem
Fracture,50,91,,,,,dem
Fracture,39,80,,,,,dem
Fracture,30,160,,,,,dem
Fracture,184,88,,,,,dem
Fracture,34,119,,,,,dem
Fracture,94,50,,,,,dem
Fracture,102,119,,,,,dem
Fracture,44,179,,,,,dem
Fracture,195,117,,,,,dem
Fracture,30,118,,,,,dem
Fracture,28,89,,,,,dem
Fracture,58,95,,,,,dem
Fracture,31,52,,,,,dem
Fracture,86,58,,,,,dem
Fracture,50,79,,,,,dem
Fracture,32,121,,,,,dem
Fracture,44,60,,,,,dem
Fracture,63,57,,,,,dem
Fracture,12,65,,,,,dem
Fracture,55,121,,,,,dem
Fracture,56,68,,,,,dem
Fracture,63,101,,,,,dem
Fracture,103,109,,,,,dem
Fracture,79,60,,,,,dem
Fracture,11,36,,,,,dem
Fracture,72,79,,,,,dem
Fracture,35,78,,,,,dem
Fracture,98,88,,,,,dem
Fracture,53,128,,,,,dem
Fracture,129,106,,,,,dem
Fracture,91,68,,,,,dem
Fracture,56,60,,,,,dem
Fracture,59,61,,,,,dem
Fracture,35,48,,,,,dem
Fracture,23,25,,,,,dem
Fracture,15,159,,,,,dem
Fracture,241,77,,,,,dem
Fracture,228,79,,,,,dem
Fracture,88,136,,,,,dem
Fracture,23,148,,,,,dem
Fracture,16,178,,,,,dem
Fracture,79,143,,,,,dem
Fracture,25,151,,,,,dem
Fracture,149,60,,,,,dem
Fracture,88,58,,,,,dem
Fracture,96,61,,,,,dem
Fracture,224,67,,,,,dem
Fracture,58,72,,,,,dem
Fracture,113,41,,,,,dem
Fracture,22,39,,,,,dem
Fracture,184,60,,,,,dem
Fracture,70,26,,,,,dem
Fracture,44,40,,,,,dem
Fracture,40,37,,,,,dem
Fracture,146,104,,,,,dem
Fracture,17,74,,,,,dem
Fracture,57,40,,,,,dem
Fracture,78,74,,,,,dem
Fracture,56,67,,,,,dem
Fracture,93,53,,,,,dem
Fracture,32,73,,,,,dem
Fracture,79,86,,,,,dem
Fracture,27,76,,,,,dem
Fracture,34,101,,,,,dem
Fracture,45,48,,,,,dem
Fracture,52,177,,,,,dem
Fracture,50,13,,,,,dem
Fracture,101,44,,,,,dem
Fracture,89,68,,,,,dem
Fracture,72,55,,,,,dem
Fracture,98,52,,,,,dem
Fracture,27,92,,,,,dem
Fracture,46,72,,,,,dem
Fracture,56,127,,,,,dem
Fracture,29,101,,,,,dem
Fracture,19,117,,,,,dem
Fracture,53,98,,,,,dem
Fracture,34,79,,,,,dem
Fracture,51,69,,,,,dem
Fracture,47,70,,,,,dem
Fracture,10,157,,,,,dem
Fracture,134,93,,,,,dem
Fracture,78,101,,,,,dem
Fracture,38,65,,,,,dem
Fracture,33,110,,,,,dem
Fracture,86,167,,,,,dem
Fracture,21,148,,,,,dem
Fracture,51,115,,,,,dem
Fracture,59,179,,,,,dem
Fracture,75,174,,,,,dem
Fracture,144,116,,,,,dem
Fracture,43,153,,,,,dem
Fracture,47,57,,,,,dem
Fracture,40,32,,,,,dem
Fracture,29,82,,,,,dem
Fracture,54,77,,,,,dem
Fracture,35,89,,,,,dem
Fracture,19,98,,,,,dem
Fracture,7,110,,,,,dem
Fracture,67,47,,,,,dem
Fracture,73,63,,,,,dem
Fracture,59,71,,,,,dem
Fracture,21,34,,,,,dem
Fracture,123,62,,,,,dem
Fracture,46,63,,,,,dem
Fracture,41,176,,,,,dem
Fracture,46,72,,,,,dem
Fracture,69,62,,,,,dem
Fracture,43,176,,,,,dem
Fracture,75,71,,,,,dem
Fracture,52,91,,,,,dem
Fracture,141,101,,,,,dem
Fracture,51,107,,,,,dem
Fracture,60,102,,,,,dem
Fracture,62,112,,,,,dem
Fracture,45,144,,,,,dem
Fracture,14,169,,,,,dem
Fracture,14,157,,,,,dem
Fracture,111,64,,,,,dem
Fracture,30,130,,,,,dem
Fracture,10,84,,,,,dem
Fracture,52,83,,,,,dem
Fracture,67,126,,,,,dem
Fracture,28,37,,,,,dem
Fracture,61,53,,,,,dem
Fracture,22,3,,,,,dem
Fracture,19,125,,,,,dem
Fracture,20,138,,,,,dem
Fracture,24,178,,,,,dem
Fracture,11,142,,,,,dem
Fracture,15,172,,,,,dem
Fracture,104,89,,,,,dem
Fracture,20,96,,,,,dem
Fracture,163,113,,,,,dem
Fracture,107,50,,,,,dem
Fracture,36,81,,,,,dem
Fracture,47,90,,,,,dem
Fracture,27,74,,,,,dem
Fracture,38,120,,,,,dem
Fracture,43,85,,,,,dem
Fracture,61,84,,,,,dem
Fracture,59,99,,,,,dem
Fracture,34,101,,,,,dem
Fracture,56,34,,,,,dem
Fracture,17,120,,,,,dem
Fracture,19,102,,,,,dem
Fracture,96,60,,,,,dem
Fracture,18,88,,,,,dem
Fracture,48,69,,,,,dem
Fracture,40,2,,,,,dem
Fracture,88,72,,,,,dem
Fracture,18,94,,,,,dem
Fracture,165,81,,,,,dem
Fracture,77,100,,,,,dem
Fracture,69,104,,,,,dem
Fracture,74,69,,,,,dem
Fracture,46,109,,,,,dem
Fracture,17,41,,,,,dem
Fracture,46,83,,,,,dem
Fracture,33,83,,,,,dem
Fracture,84,47,,,,,dem
Fracture,50,81,,,,,dem
Fracture,64,54,,,,,dem
Fracture,96,121,,,,,dem
Fracture,116,81,,,,,dem
Fracture,23,66,,,,,dem
Fracture,119,86,,,,,dem
Fracture,35,72,,,,,dem
Fracture,64,49,,,,,dem
Fracture,101,84,,,,,dem
Fracture,119,51,,,,,dem
Fracture,28,99,,,,,dem
Fracture,31,179,,,,,dem
Fracture,42,164,,,,,dem
Fracture,113,74,,,,,dem
Fracture,48,166,,,,,dem
Fracture,52,155,,,,,dem
Fracture,90,58,,,,,dem
Fracture,167,35,,,,,dem
Fracture,8,33,,,,,dem
Fracture,18,152,,,,,dem
Fracture,16,169,,,,,dem
Fracture,172,64,,,,,dem
Fracture,89,154,,,,,dem
Fracture,69,161,,,,,dem
Fracture,33,2,,,,,dem
Fracture,136,64,,,,,dem
Fracture,200,66,,,,,dem
Fracture,142,4,,,,,dem
Fracture,29,102,,,,,dem
Fracture,163,89,,,,,dem
Fracture,136,56,,,,,dem
Fracture,57,41,,,,,dem
Fracture,71,84,,,,,dem
Fracture,223,58,,,,,dem
Fracture,72,81,,,,,dem
Fracture,53,20,,,,,dem
Fracture,42,81,,,,,dem
Fracture,84,5,,,,,dem
Fracture,134,76,,,,,dem
Fracture,41,88,,,,,dem
Fracture,68,126,,,,,dem
Fracture,198,60,,,,,dem
Fracture,38,31,,,,,dem
Fracture,89,23,,,,,dem
Fracture,66,14,,,,,dem
Fracture,32,85,,,,,dem
Fracture,24,9,,,,,dem
Fracture,43,13,,,,,dem
Fracture,68,2,,,,,dem
Fracture,157,6,,,,,dem
Fracture,40,30,,,,,dem
Fracture,63,97,,,,,dem
Fracture,88,8,,,,,dem
Fracture,15,47,,,,,dem
Fracture,68,7,,,,,dem
Fracture,56,7,,,,,dem
Fracture,24,117,,,,,dem
Fracture,49,13,,,,,dem
Fracture,42,23,,,,,dem
Fracture,27,11,,,,,dem
Fracture,53,0,,,,,dem
Fracture,37,18,,,,,dem
Fracture,47,77,,,,,dem
Fracture,72,114,,,,,dem
Fracture,68,96,,,,,dem
Fracture,112,156,,,,,dem
Fracture,118,170,,,,,dem
Fracture,44,142,,,,,dem
Fracture,26,166,,,,,dem
Fracture,106,64,,,,,dem
Fracture,71,117,,,,,dem
Fracture,97,176,,,,,dem
Fracture,47,113,,,,,dem
Fracture,143,88,,,,,dem
Fracture,62,118,,,,,dem
Fracture,33,150,,,,,dem
Fracture,157,129,,,,,dem
Fracture,73,176,,,,,dem
Fracture,209,9,,,,,dem
Fracture,99,128,,,,,dem
Fracture,73,130,,,,,dem
Fracture,93,93,,,,,dem
Fracture,25,107,,,,,dem
Fracture,44,110,,,,,dem
Fracture,135,95,,,,,dem
Fracture,46,92,,,,,dem
Fracture,83,80,,,,,dem
Fracture,51,64,,,,,dem
Fracture,18,56,,,,,dem
Fracture,38,63,,,,,dem
Fracture,37,8,,,,,dem
Fracture,116,72,,,,,dem
Fracture,29,2,,,,,dem
Fracture,115,60,,,,,dem
Fracture,144,166,,,,,dem
Fracture,36,92,,,,,dem
Fracture,12,146,,,,,dem
Fracture,64,176,,,,,dem
Fracture,40,105,,,,,dem
Fracture,104,74,,,,,dem
Fracture,113,78,,,,,dem
Fracture,59,55,,,,,dem
Fracture,98,64,,,,,dem
Fracture,202,176,,,,,dem
Fracture,72,113,,,,,dem
Fracture,53,180,,,,,dem
Fracture,103,108,,,,,dem
Fracture,83,165,,,,,dem
Fracture,49,78,,,,,dem
Fracture,41,164,,,,,dem
Fracture,44,169,,,,,dem
Fracture,51,77,,,,,dem
Fracture,124,178,,,,,dem
Fracture,82,176,,,,,dem
Fracture,203,162,,,,,dem
Fracture,25,163,,,,,dem
Fracture,141,12,,,,,dem
Fracture,102,161,,,,,dem
Fracture,123,133,,,,,dem
Fracture,54,124,,,,,dem
Fracture,14,81,,,,,dem
Fracture,120,108,,,,,dem
Fracture,68,69,,,,,dem
Fracture,85,70,,,,,dem
Fracture,116,70,,,,,dem
Fracture,9,66,,,,,dem
Fracture,14,59,,,,,dem
Fracture,109,174,,,,,dem
Fracture,88,94,,,,,dem
Fracture,81,80,,,,,dem
Fracture,169,59,,,,,dem
Fracture,56,112,,,,,dem
Fracture,53,91,,,,,dem
Fracture,51,111,,,,,dem
Fracture,136,37,,,,,dem
Fracture,29,84,,,,,dem
Fracture,104,57,,,,,dem
Fracture,90,35,,,,,dem
Fracture,24,32,,,,,dem
Fracture,58,22,,,,,dem
Fracture,23,165,,,,,dem
Fracture,38,160,,,,,dem
Fracture,56,99,,,,,dem
Fracture,75,178,,,,,dem
Fracture,56,125,,,,,dem
Fracture,74,69,,,,,dem
Fracture,26,89,,,,,dem
Fracture,29,103,,,,,dem
Fracture,303,72,,,,,dem
Fracture,36,7,,,,,dem
Fracture,49,126,,,,,dem
Fracture,161,70,,,,,dem
Fracture,141,101,,,,,dem
Fracture,71,95,,,,,dem
Fracture,119,103,,,,,dem
Fracture,133,30,,,,,dem
Fracture,30,169,,,,,dem
Fracture,47,106,,,,,dem
Fracture,94,86,,,,,dem
Fracture,41,29,,,,,dem
Fracture,34,157,,,,,dem
Fracture,63,11,,,,,dem
Fracture,111,8,,,,,dem
Fracture,45,40,,,,,dem
Fracture,42,16,,,,,dem
Fracture,71,9,,,,,dem
Fracture,45,33,,,,,dem
Fracture,29,134,,,,,dem
Fracture,35,154,,,,,dem
Fracture,78,176,,,,,dem
Fracture,25,139,,,,,dem
Fracture,28,130,,,,,dem
Fracture,39,103,,,,,dem
Fracture,53,99,,,,,dem
Fracture,37,96,,,,,dem
Fracture,88,53,,,,,dem
Fracture,41,118,,,,,dem
Fracture,43,65,,,,,dem
Fracture,47,154,,,,,dem
Fracture,35,167,,,,,dem
Fracture,28,112,,,,,dem
Fracture,53,157,,,,,dem
Fracture,48,38,,,,,dem
Fracture,42,17,,,,,dem
Fracture,25,50,,,,,dem
Fracture,105,90,,,,,dem
Fracture,115,66,,,,,dem
Fracture,72,54,,,,,dem
Fracture,131,90,,,,,dem
Fracture,180,85,,,,,dem
Fracture,10,96,,,,,dem
Fracture,76,1,,,,,dem
Fracture,82,88,,,,,dem
Fracture,79,19,,,,,dem
Fracture,55,89,,,,,dem
Fracture,137,75,,,,,dem
Fracture,56,81,,,,,dem
Fracture,27,96,,,,,dem
Fracture,92,48,,,,,dem
Fracture,177,71,,,,,dem
Fracture,88,102,,,,,dem
Fracture,223,64,,,,,dem
Fracture,36,76,,,,,dem
Fracture,150,81,,,,,dem
Fracture,38,178,,,,,dem
Fracture,32,4,,,,,dem
Fracture,69,82,,,,,dem
Fracture,11,90,,,,,dem
Fracture,255,118,,,,,dem
Fracture,101,6,,,,,dem
Fracture,37,152,,,,,dem
Fracture,191,86,,,,,dem
Fracture,45,96,,,,,dem
Fracture,52,93,,,,,dem
Fracture,123,145,,,,,dem
Fracture,28,23,,,,,dem
Fracture,82,41,,,,,dem
Fracture,67,111,,,,,dem
Fracture,62,70,,,,,dem
Fracture,119,66,,,,,dem
Fracture,23,83,,,,,dem
Fracture,14,163,,,,,dem
Fracture,26,166,,,,,dem
Fracture,45,137,,,,,dem
Fracture,20,53,,,,,dem
Fracture,51,114,,,,,dem
Fracture,17,129,,,,,dem
Fracture,46,72,,,,,dem
Fracture,17,67,,,,,dem
Fracture,74,4,,,,,dem
Fracture,135,80,,,,,dem
Fracture,18,20,,,,,dem
Fracture,62,88,,,,,dem
Fracture,35,74,,,,,dem
Fracture,199,64,,,,,dem
Fracture,23,59,,,,,dem
Fracture,29,18,,,,,dem
Fracture,25,40,,,,,dem
Fracture,38,27,,,,,dem
Fracture,97,127,,,,,dem
Fracture,30,27,,,,,dem
Fracture,32,9,,,,,dem
Fracture,197,107,,,,,dem
Fracture,20,54,,,,,dem
Fracture,39,125,,,,,dem
Fracture,107,60,,,,,dem
Fracture,86,43,,,,,dem
Fracture,149,91,,,,,dem
Fracture,13,84,,,,,dem
Fracture,98,45,,,,,dem
Fracture,85,140,,,,,dem
Fracture,16,85,,,,,dem
Fracture,50,21,,,,,dem
Fracture,93,90,,,,,dem
Fracture,89,99,,,,,dem
Fracture,51,145,,,,,dem
Fracture,73,139,,,,,dem
Fracture,69,143,,,,,dem
Fracture,96,85,,,,,dem
Fracture,87,80,,,,,dem
Fracture,99,84,,,,,dem
Fracture,186,80,,,,,dem
Fracture,89,67,,,,,dem
Fracture,85,90,,,,,dem
Fracture,120,16,,,,,dem
Fracture,150,149,,,,,dem
Fracture,325,102,,,,,dem
Fracture,86,116,,,,,dem
Fracture,75,99,,,,,dem
Fracture,71,90,,,,,dem
Fracture,68,58,,,,,dem
Fracture,44,88,,,,,dem
Fracture,38,20,,,,,dem
Fracture,28,153,,,,,dem
Fracture,109,68,,,,,dem
Fracture,41,130,,,,,dem
Fracture,45,82,,,,,dem
Fracture,23,63,,,,,dem
Fracture,64,112,,,,,dem
Fracture,112,156,,,,,dem
Fracture,83,174,,,,,dem
Fracture,25,178,,,,,dem
Fracture,80,89,,,,,dem
Fracture,83,63,,,,,dem
Fracture,24,24,,,,,dem
Fracture,170,62,,,,,dem
Fracture,34,87,,,,,dem
Fracture,37,125,,,,,dem
Fracture,28,62,,,,,dem
Fracture,18,79,,,,,dem
Fracture,47,63,,,,,dem
Fracture,64,33,,,,,dem
Fracture,41,39,,,,,dem
Fracture,48,14,,,,,dem
Fracture,40,16,,,,,dem
Fracture,60,6,,,,,dem
Fracture,111,89,,,,,dem
Fracture,95,0,,,,,dem
Fracture,66,38,,,,,dem
Fracture,26,8,,,,,dem
Fracture,49,7,,,,,dem
Fracture,30,29,,,,,dem
Fracture,21,52,,,,,dem
Fracture,18,136,,,,,dem
Fracture,106,68,,,,,dem
Fracture,64,122,,,,,dem
Fracture,30,116,,,,,dem
Fracture,26,34,,,,,dem
Fracture,44,120,,,,,dem
Fracture,11,118,,,,,dem
Fracture,33,120,,,,,dem
Fracture,50,67,,,,,dem
Fracture,76,114,,,,,dem
Fracture,140,94,,,,,dem
Fracture,73,82,,,,,dem
Fracture,19,82,,,,,dem
Fracture,27,70,,,,,dem
Fracture,22,63,,,,,dem
Fracture,26,121,,,,,dem
Fracture,89,80,,,,,dem
Fracture,45,89,,,,,dem
Fracture,29,101,,,,,dem
Fracture,139,65,,,,,dem
Fracture,18,178,,,,,dem
Fracture,25,1,,,,,dem
Fracture,58,75,,,,,dem
Fracture,113,143,,,,,dem
Fracture,133,74,,,,,dem
Fracture,96,132,,,,,dem
Fracture,49,41,,,,,dem
Fracture,38,168,,,,,dem
Fracture,25,84,,,,,dem
Fracture,226,81,,,,,dem
Fracture,37,30,,,,,dem
Fracture,26,157,,,,,dem
Fracture,41,94,,,,,dem
Fracture,78,151,,,,,dem
Fracture,76,53,,,,,dem
Fracture,74,119,,,,,dem
Fracture,62,64,,,,,dem
Fracture,23,71,,,,,dem
Fracture,17,164,,,,,dem
Fracture,20,96,,,,,dem
Fracture,32,86,,,,,dem
Fracture,50,103,,,,,dem
Fracture,95,88,,,,,dem
Fracture,35,66,,,,,dem
Fracture,58,108,,,,,dem
Fracture,58,120,,,,,dem
Fracture,122,85,,,,,dem
Fracture,23,119,,,,,dem
Fracture,16,171,,,,,dem
Fracture,60,59,,,,,dem
Fracture,100,141,,,,,dem
Fracture,34,166,,,,,dem
Fracture,63,114,,,,,dem
Fracture,133,107,,,,,dem
Fracture,80,129,,,,,dem
Fracture,15,105,,,,,dem
Fracture,129,136,,,,,dem
Fracture,92,56,,,,,dem
Fracture,52,107,,,,,dem
Fracture,163,76,,,,,dem
Fracture,22,100,,,,,dem
Fracture,63,157,,,,,dem
Fracture,27,135,,,,,dem
Fracture,38,86,,,,,dem
Fracture,68,127,,,,,dem
Fracture,37,94,,,,,dem
Fracture,16,157,,,,,dem
Fracture,23,145,,,,,dem
Fracture,21,84,,,,,dem
Fracture,76,94,,,,,dem
Fracture,41,118,,,,,dem
Fracture,78,91,,,,,dem
Fracture,85,89,,,,,dem
Fracture,98,130,,,,,dem
Fracture,38,56,,,,,dem
Fracture,118,89,,,,,dem
Fracture,11,28,,,,,dem
Fracture,37,93,,,,,dem
Fracture,53,14,,,,,dem
Fracture,108,83,,,,,dem
Fracture,29,26,,,,,dem
Fracture,85,76,,,,,dem
Fracture,66,26,,,,,dem
Fracture,56,71,,,,,dem
Fracture,87,7,,,,,dem
Fracture,28,59,,,,,dem
Fracture,65,68,,,,,dem
Fracture,106,62,,,,,dem
Fracture,112,73,,,,,dem
Fracture,21,175,,,,,dem
Fracture,55,36,,,,,dem
Fracture,42,92,,,,,dem
Fracture,132,78,,,,,dem
Fracture,39,22,,,,,dem
Fracture,39,80,,,,,dem
Fracture,54,94,,,,,dem
Fracture,111,3,,,,,dem
Fracture,43,9,,,,,dem
Fracture,111,93,,,,,dem
Fracture,69,4,,,,,dem
Fracture,19,18,,,,,dem
Fracture,60,84,,,,,dem
Fracture,34,24,,,,,dem
Fracture,86,98,,,,,dem
Fracture,16,14,,,,,dem
Fracture,85,111,,,,,dem
Fracture,44,16,,,,,dem
Fracture,45,73,,,,,dem
Fracture,112,98,,,,,dem
Fracture,34,50,,,,,dem
Fracture,62,117,,,,,dem
Fracture,66,3,,,,,dem
Fracture,132,85,,,,,dem
Fracture,289,77,,,,,dem
Fracture,102,109,,,,,dem
Fracture,132,173,,,,,dem
Fracture,324,73,,,,,dem
Fracture,180,56,,,,,dem
Fracture,67,91,,,,,dem
Fracture,46,84,,,,,dem
Fracture,219,98,,,,,dem
Fracture,69,70,,,,,dem
Fracture,49,30,,,,,dem
Fracture,51,144,,,,,dem
Fracture,78,84,,,,,dem
Fracture,28,66,,,,,dem
Fracture,111,54,,,,,dem
Fracture,48,24,,,,,dem
Fracture,28,30,,,,,dem
Fracture,23,58,,,,,dem
Fracture,192,80,,,,,dem
Fracture,51,83,,,,,dem
Fracture,37,69,,,,,dem
Fracture,62,31,,,,,dem
Fracture,17,119,,,,,dem
Fracture,58,59,,,,,dem
Fracture,22,108,,,,,dem
Fracture,17,97,,,,,dem
Fracture,40,62,,,,,dem
Fracture,28,55,,,,,dem
Fracture,106,77,,,,,dem
Fracture,42,118,,,,,dem
Fracture,84,111,,,,,dem
Fracture,54,70,,,,,dem
Fracture,101,94,,,,,dem
Fracture,65,76,,,,,dem
Fracture,16,47,,,,,dem
Fracture,19,178,,,,,dem
Fracture,23,49,,,,,dem
Fracture,16,2,,,,,dem
Fracture,58,91,,,,,dem
Fracture,27,33,,,,,dem
Fracture,14,40,,,,,dem
Fracture,31,43,,,,,dem
Fracture,23,63,,,,,dem
Fracture,20,15,,,,,dem
Fracture,17,19,,,,,dem
Fracture,31,54,,,,,dem
Fracture,137,65,,,,,dem
Fracture,33,55,,,,,dem
Fracture,72,70,,,,,dem
Fracture,110,53,,,,,dem
Fracture,45,70,,,,,dem
Fracture,41,87,,,,,dem
Fracture,66,122,,,,,dem
Fracture,76,51,,,,,dem
Fracture,13,74,,,,,dem
Fracture,32,100,,,,,dem
Fracture,67,48,,,,,dem
Fracture,262,60,,,,,dem
Fracture,92,141,,,,,dem
Fracture,22,118,,,,,dem
Fracture,28,117,,,,,dem
Fracture,70,38,,,,,dem
Fracture,19,2,,,,,dem
Fracture,149,52,,,,,dem
Fracture,72,84,,,,,dem
Fracture,130,98,,,,,dem
Fracture,101,63,,,,,dem
Fracture,134,17,,,,,dem
Fracture,169,14,,,,,dem
Fracture,59,126,,,,,dem
Fracture,43,51,,,,,dem
Fracture,66,108,,,,,dem
Fracture,61,67,,,,,dem
Fracture,112,112,,,,,dem
Fracture,71,63,,,,,dem
Fracture,265,69,,,,,dem
Fracture,587,68,,,,,dem
Fracture,148,54,,,,,dem
Fracture,71,60,,,,,dem
Fracture,44,171,,,,,dem
Fracture,84,164,,,,,dem
Fracture,180,142,,,,,dem
Fracture,38,109,,,,,dem
Fracture,316,129,,,,,dem
Fracture,197,106,,,,,dem
Fracture,45,111,,,,,dem
Fracture,35,2,,,,,dem
Fracture,18,176,,,,,dem
Fracture,94,77,,,,,dem
Fracture,131,120,,,,,dem
Fracture,35,159,,,,,dem
Fracture,45,154,,,,,dem
Fracture,67,179,,,,,dem
Fracture,56,149,,,,,dem
Fracture,46,163,,,,,dem
Fracture,76,76,,,,,dem
Fracture,21,173,,,,,dem
Fracture,134,65,,,,,dem
Fracture,27,179,,,,,dem
Fracture,124,124,,,,,dem
Fracture,75,63,,,,,dem
Fracture,52,62,,,,,dem
Fracture,54,62,,,,,dem
Fracture,248,109,,,,,dem
Fracture,16,55,,,,,dem
Fracture,76,63,,,,,dem
Fracture,31,50,,,,,dem
Fracture,133,115,,,,,dem
Fracture,44,171,,,,,dem
Fracture,241,45,,,,,dem
Fracture,36,121,,,,,dem
Fracture,30,138,,,,,dem
Fracture,296,123,,,,,dem
Fracture,67,99,,,,,dem
Fracture,29,109,,,,,dem
Fracture,48,116,,,,,dem
Fracture,49,20,,,,,dem
Fracture,36,114,,,,,dem
Fracture,51,150,,,,,dem
Fracture,48,14,,,,,dem
Fracture,51,83,,,,,dem
Fracture,46,114,,,,,dem
Fracture,89,127,,,,,dem
Fracture,114,129,,,,,dem
Fracture,75,87,,,,,dem
Fracture,18,124,,,,,dem
Fracture,32,66,,,,,dem
Fracture,194,65,,,,,dem
Fracture,62,64,,,,,dem
Fracture,144,110,,,,,dem
Fracture,37,1,,,,,dem
Fracture,65,56,,,,,dem
Fracture,134,47,,,,,dem
Fracture,335,63,,,,,dem
Fracture,112,63,,,,,dem
Fracture,33,100,,,,,dem
Fracture,21,86,,,,,dem
Fracture,135,56,,,,,dem
Fracture,63,68,,,,,dem
Fracture,92,25,,,,,dem
Fracture,59,6,,,,,dem
Fracture,48,111,,,,,dem
Fracture,34,89,,,,,dem
Fracture,24,55,,,,,dem
Fracture,72,159,,,,,dem
Fracture,148,60,,,,,dem
Fracture,27,52,,,,,dem
Fracture,59,88,,,,,dem
Fracture,82,79,,,,,dem
Fracture,63,68,,,,,dem
Fracture,123,94,,,,,dem
Fracture,76,75,,,,,dem
Fracture,18,112,,,,,dem
Fracture,39,5,,,,,dem
Fracture,32,114,,,,,dem
Fracture,259,3,,,,,dem
Fracture,182,117,,,,,dem
Fracture,80,110,,,,,dem
Fracture,63,89,,,,,dem
Fracture,31,24,,,,,dem
Fracture,66,116,,,,,dem
Fracture,42,15,,,,,dem
Fracture,36,144,,,,,dem
Fracture,97,112,,,,,dem
Fracture,123,121,,,,,dem
Fracture,102,134,,,,,dem
Fracture,196,115,,,,,dem
Fracture,152,103,,,,,dem
Fracture,75,113,,,,,dem
Fracture,176,100,,,,,dem
Fracture,263,54,,,,,dem
Fracture,101,41,,,,,dem
Fracture,260,58,,,,,dem
Fracture,158,68,,,,,dem
Fracture,101,107,,,,,dem
Fracture,65,165,,,,,dem
Fracture,21,180,,,,,dem
Fracture,69,59,,,,,dem
Fracture,124,88,,,,,dem
Fracture,84,111,,,,,dem
Fracture,71,114,,,,,dem
Fracture,98,111,,,,,dem
Fracture,157,48,,,,,dem
Fracture,45,50,,,,,dem
Fracture,38,51,,,,,dem
Fracture,73,34,,,,,dem
Fracture,79,63,,,,,dem
Fracture,69,79,,,,,dem
Fracture,123,16,,,,,dem
Fracture,44,37,,,,,dem
Fracture,38,99,,,,,dem
Fracture,61,43,,,,,dem
Fracture,33,35,,,,,dem
Fracture,116,74,,,,,dem
Fracture,64,94,,,,,dem
Fracture,77,101,,,,,dem
Fracture,52,96,,,,,dem
Fracture,58,112,,,,,dem
Fracture,86,101,,,,,dem
Fracture,108,171,,,,,dem
Fracture,29,9,,,,,dem
Fracture,153,108,,,,,dem
Fracture,38,97,,,,,dem
Fracture,46,94,,,,,dem
Fracture,34,6,,,,,dem
Fracture,117,95,,,,,dem
Fracture,119,60,,,,,dem
Fracture,118,76,,,,,dem
Fracture,53,11,,,,,dem
Fracture,26,176,,,,,dem
Fracture,113,94,,,,,dem
Fracture,54,70,,,,,dem
Fracture,110,72,,,,,dem
Fracture,24,8,,,,,dem
Fracture,165,75,,,,,dem
Fracture,102,95,,,,,dem
Fracture,112,78,,,,,dem
Fracture,13,161,,,,,dem
Fracture,68,2,,,,,dem
Fracture,107,94,,,,,dem
Fracture,40,162,,,,,dem
Fracture,57,144,,,,,dem
Fracture,54,64,,,,,dem
Fracture,112,105,,,,,dem
Fracture,42,72,,,,,dem
Fracture,47,50,,,,,dem
Fracture,46,59,,,,,dem
Fracture,40,18,,,,,dem
Fracture,101,31,,,,,dem
Fracture,40,65,,,,,dem
Fracture,126,69,,,,,dem
Fracture,63,68,,,,,dem
Fracture,18,17,,,,,dem
Fracture,25,83,,,,,dem
Fracture,29,58,,,,,dem
Fracture,104,7,,,,,dem
Fracture,34,80,,,,,dem
Fracture,44,13,,,,,dem
Fracture,36,73,,,,,dem
Fracture,63,77,,,,,dem
Fracture,28,74,,,,,dem
Fracture,43,78,,,,,dem
Fracture,14,65,,,,,dem
Fracture,37,123,,,,,dem
Fracture,41,71,,,,,dem
Fracture,173,62,,,,,dem
Fracture,52,71,,,,,dem
Fracture,56,9,,,,,dem
Fracture,28,172,,,,,dem
Fracture,177,77,,,,,dem
Fracture,54,53,,,,,dem
Fracture,73,87,,,,,dem
Fracture,27,76,,,,,dem
Fracture,56,171,,,,,dem
Fracture,62,1,,,,,dem
Fracture,95,72,,,,,dem
Fracture,50,175,,,,,dem
Fracture,27,176,,,,,dem
Fracture,18,86,,,,,dem
Fracture,39,54,,,,,dem
Fracture,35,11,,,,,dem
Fracture,27,64,,,,,dem
Fracture,78,75,,,,,dem
Fracture,145,66,,,,,dem
Fracture,119,64,,,,,dem
Fracture,74,180,,,,,dem
Fracture,68,3,,,,,dem
Fracture,56,24,,,,,dem
Fracture,54,158,,,,,dem
Fracture,271,97,,,,,dem
Fracture,58,106,,,,,dem
Fracture,72,115,,,,,dem
Fracture,98,2,,,,,dem
Fracture,43,97,,,,,dem
Fracture,85,14,,,,,dem
Fracture,96,6,,,,,dem
Fracture,20,90,,,,,dem
Fracture,98,86,,,,,dem
Fracture,103,121,,,,,dem
Fracture,96,68,,,,,dem
Fracture,25,60,,,,,dem
Fracture,22,118,,,,,dem
Fracture,62,45,,,,,dem
Fracture,79,69,,,,,dem
Fracture,16,0,,,,,dem
Fracture,113,93,,,,,dem
Fracture,81,95,,,,,dem
Fracture,71,108,,,,,dem
Fracture,107,84,,,,,dem
Fracture,16,0,,,,,dem
Fracture,104,80,,,,,dem
Fracture,114,102,,,,,dem
Fracture,73,8,,,,,dem
Fracture,101,83,,,,,dem
Fracture,103,81,,,,,dem
Fracture,18,60,,,,,dem
Fracture,23,10,,,,,dem
Fracture,25,24,,,,,dem
Fracture,24,55,,,,,dem
Fracture,38,117,,,,,dem
Fracture,34,1,,,,,dem
Fracture,125,138,,,,,dem
Fracture,221,7,,,,,dem
Fracture,35,84,,,,,dem
Fracture,35,90,,,,,dem
Fracture,19,118,,,,,dem
Fracture,94,55,,,,,dem
Fracture,47,6,,,,,dem
Fracture,49,78,,,,,dem
Fracture,79,106,,,,,dem
Fracture,20,165,,,,,dem
Fracture,19,23,,,,,dem
Fracture,24,10,,,,,dem
Fracture,61,75,,,,,dem
Fracture,13,1,,,,,dem
Fracture,66,78,,,,,dem
Fracture,39,9,,,,,dem
Fracture,67,76,,,,,dem
Fracture,22,14,,,,,dem
Fracture,29,51,,,,,dem
Fracture,75,108,,,,,dem
Fracture,19,36,,,,,dem
Fracture,62,12,,,,,dem
Fracture,122,66,,,,,dem
Fracture,78,15,,,,,dem
Fracture,114,75,,,,,dem
Fracture,256,112,,,,,dem
Fracture,46,6,,,,,dem
Fracture,97,6,,,,,dem
Fracture,24,81,,,,,dem
Fracture,60,93,,,,,dem
Fracture,87,123,,,,,dem
Fracture,71,76,,,,,dem
Fracture,78,83,,,,,dem
Fracture,113,108,,,,,dem
Fracture,62,105,,,,,dem
Fracture,42,89,,,,,dem
Fracture,176,97,,,,,dem
Fracture,59,79,,,,,dem
Fracture,63,47,,,,,dem
Fracture,24,58,,,,,dem
Fracture,16,121,,,,,dem
Fracture,59,65,,,,,dem
Fracture,27,68,,,,,dem
Fracture,33,12,,,,,dem
Fracture,60,109,,,,,dem
Fracture,17,18,,,,,dem
Fracture,100,112,,,,,dem
Fracture,90,5,,,,,dem
Fracture,78,97,,,,,dem
Fracture,113,66,,,,,dem
Fracture,40,9,,,,,dem
Fracture,79,69,,,,,dem
Fracture,107,99,,,,,dem
Fracture,42,16,,,,,dem
Fracture,186,103,,,,,dem
Fracture,31,15,,,,,dem
Fracture,92,87,,,,,dem
Fracture,53,168,,,,,dem
Fracture,145,71,,,,,dem
Fracture,100,117,,,,,dem
Fracture,30,88,,,,,dem
Fracture,77,100,,,,,dem
Fracture,78,113,,,,,dem
Fracture,40,86,,,,,dem
Fracture,69,97,,,,,dem
Fracture,60,95,,,,,dem
Fracture,42,171,,,,,dem
Fracture,97,102,,,,,dem
Fracture,42,47,,,,,dem
Fracture,81,65,,,,,dem
Fracture,59,117,,,,,dem
Fracture,34,94,,,,,dem
Fracture,28,68,,,,,dem
Fracture,77,93,,,,,dem
Fracture,56,61,,,,,dem
Fracture,47,176,,,,,dem
Fracture,15,69,,,,,dem
Fracture,96,177,,,,,dem
Fracture,56,178,,,,,dem
Fracture,78,65,,,,,dem
Fracture,68,88,,,,,dem
Fracture,34,135,,,,,dem
Fracture,13,47,,,,,dem
Fracture,26,131,,,,,dem
Fracture,35,124,,,,,dem
Fracture,109,73,,,,,dem
Fracture,100,87,,,,,dem
Fracture,82,88,,,,,dem
Fracture,25,74,,,,,dem
Fracture,19,102,,,,,dem
Fracture,61,117,,,,,dem
Fracture,17,9,,,,,dem
Fracture,169,175,,,,,dem
Fracture,33,5,,,,,dem
Fracture,170,176,,,,,dem
Fracture,148,116,,,,,dem
Fracture,35,120,,,,,dem
Fracture,92,118,,,,,dem
Fracture,31,79,,,,,dem
Fracture,101,118,,,,,dem
Fracture,22,113,,,,,dem
Fracture,34,117,,,,,dem
Fracture,86,70,,,,,dem
Fracture,16,180,,,,,dem
Fracture,22,57,,,,,dem
Fracture,28,172,,,,,dem
Fracture,79,77,,,,,dem
Fracture,21,176,,,,,dem
Fracture,12,162,,,,,dem
Fracture,79,70,,,,,dem
Fracture,104,71,,,,,dem
Fracture,82,55,,,,,dem
Fracture,139,75,,,,,dem
Fracture,52,63,,,,,dem
Fracture,76,64,,,,,dem
Fracture,45,119,,,,,dem
Fracture,54,11,,,,,dem
Fracture,60,76,,,,,dem
Fracture,16,35,,,,,dem
Fracture,64,62,,,,,dem
Fracture,149,71,,,,,dem
Fracture,129,81,,,,,dem
Fracture,28,79,,,,,dem
Fracture,31,153,,,,,dem
Fracture,25,14,,,,,dem
Fracture,126,80,,,,,dem
Fracture,33,85,,,,,dem
Fracture,54,156,,,,,dem
Fracture,25,174,,,,,dem
Fracture,86,89,,,,,dem
Fracture,74,47,,,,,dem
Fracture,25,125,,,,,dem
Fracture,89,76,,,,,dem
Fracture,54,110,,,,,dem
Fracture,61,70,,,,,dem
Fracture,59,80,,,,,dem
Fracture,59,63,,,,,dem
Fracture,24,167,,,,,dem
Fracture,52,74,,,,,dem
Fracture,84,107,,,,,dem
Fracture,208,75,,,,,dem
Fracture,40,90,,,,,dem
Fracture,29,82,,,,,dem
Fracture,26,89,,,,,dem
Fracture,103,86,,,,,dem
Fracture,21,153,,,,,dem
Fracture,74,90,,,,,dem
Fracture,48,114,,,,,dem
Fracture,60,66,,,,,dem
Fracture,47,91,,,,,dem
Fracture,36,107,,,,,dem
Fracture,69,69,,,,,dem
Fracture,181,71,,,,,dem
Fracture,43,62,,,,,dem
Fracture,122,120,,,,,dem
Fracture,32,94,,,,,dem
Fracture,65,91,,,,,dem
Fracture,101,93,,,,,dem
Fracture,144,73,,,,,dem
Fracture,27,91,,,,,dem
Fracture,39,141,,,,,dem
Fracture,110,70,,,,,dem
Fracture,37,135,,,,,dem
Fracture,62,70,,,,,dem
Fracture,95,84,,,,,dem
Fracture,61,84,,,,,dem
Fracture,33,70,,,,,dem
Fracture,25,6,,,,,dem
Fracture,15,173,,,,,dem
Fracture,36,68,,,,,dem
Fracture,66,100,,,,,dem
Fracture,85,87,,,,,dem
Fracture,72,116,,,,,dem
Fracture,30,71,,,,,dem
Fracture,38,3,,,,,dem
Fracture,187,73,,,,,dem
Fracture,41,104,,,,,dem
Fracture,14,3,,,,,dem
Fracture,35,173,,,,,dem
Fracture,55,84,,,,,dem
Fracture,87,91,,,,,dem
Fracture,64,59,,,,,dem
Fracture,50,61,,,,,dem
Fracture,242,59,,,,,dem
Fracture,64,67,,,,,dem
Fracture,50,74,,,,,dem
Fracture,31,47,,,,,dem
Fracture,81,109,,,,,dem
Fracture,170,60,,,,,dem
Fracture,281,89,,,,,dem
Fracture,18,3,,,,,dem
Fracture,70,74,,,,,dem
Fracture,127,65,,,,,dem
Fracture,195,52,,,,,dem
Fracture,134,78,,,,,dem
Fracture,56,130,,,,,dem
Fracture,130,50,,,,,dem
Fracture,114,64,,,,,dem
Fracture,38,73,,,,,dem
Fracture,44,52,,,,,dem
Fracture,32,63,,,,,dem
Fracture,21,56,,,,,dem
Fracture,30,87,,,,,dem
Fracture,21,68,,,,,dem
Fracture,46,19,,,,,dem
Fracture,86,169,,,,,dem
Fracture,76,65,,,,,dem
Fracture,44,60,,,,,dem
Fracture,17,61,,,,,dem
Fracture,28,130,,,,,dem
Fracture,34,58,,,,,dem
Fracture,109,90,,,,,dem
Fracture,59,63,,,,,dem
Fracture,86,96,,,,,dem
Fracture,69,119,,,,,dem
Fracture,53,9,,,,,dem
Fracture,95,158,,,,,dem
Fracture,49,173,,,,,dem
Fracture,38,129,,,,,dem
Fracture,20,174,,,,,dem
Fracture,44,70,,,,,dem
Fracture,39,120,,,,,dem
Fracture,37,116,,,,,dem
Fracture,22,14,,,,,dem
Fracture,22,158,,,,,dem
Fracture,49,168,,,,,dem
Fracture,44,99,,,,,dem
Fracture,58,162,,,,,dem
Fracture,106,170,,,,,dem
Fracture,14,175,,,,,dem
Fracture,123,100,,,,,dem
Fracture,52,170,,,,,dem
Fracture,39,96,,,,,dem
Fracture,73,170,,,,,dem
Fracture,72,106,,,,,dem
Fracture,9,126,,,,,dem
Fracture,30,106,,,,,dem
Fracture,24,162,,,,,dem
Fracture,38,45,,,,,dem
Fracture,8,160,,,,,dem
Fracture,56,141,,,,,dem
Fracture,98,175,,,,,dem
Fracture,17,178,,,,,dem
Fracture,40,123,,,,,dem
Fracture,61,61,,,,,dem
Fracture,33,176,,,,,dem
Fracture,21,83,,,,,dem
Fracture,58,95,,,,,dem
Fracture,53,180,,,,,dem
Fracture,86,95,,,,,dem
Fracture,58,91,,,,,dem
Fracture,45,95,,,,,dem
Fracture,66,105,,,,,dem
Fracture,29,175,,,,,dem
Fracture,51,4,,,,,dem
Fracture,83,69,,,,,dem
Fracture,56,73,,,,,dem
Fracture,34,70,,,,,dem
Fracture,74,68,,,,,dem
Fracture,152,71,,,,,dem
Fracture,52,101,,,,,dem
Fracture,43,67,,,,,dem
Fracture,30,53,,,,,dem
Fracture,141,81,,,,,dem
Fracture,20,104,,,,,dem
Fracture,35,144,,,,,dem
Fracture,49,66,,,,,dem
Fracture,34,68,,,,,dem
Fracture,57,163,,,,,dem
Fracture,30,25,,,,,dem
Fracture,16,68,,,,,dem
Fracture,15,2,,,,,dem
Fracture,94,160,,,,,dem
Fracture,102,101,,,,,dem
Fracture,70,126,,,,,dem
Fracture,37,69,,,,,dem
Fracture,47,57,,,,,dem
Fracture,14,50,,,,,dem
Fracture,19,35,,,,,dem
Fracture,27,64,,,,,dem
Fracture,43,174,,,,,dem
Fracture,161,167,,,,,dem
Fracture,36,121,,,,,dem
Fracture,59,166,,,,,dem
Fracture,53,63,,,,,dem
Fracture,68,80,,,,,dem
Fracture,79,83,,,,,dem
Fracture,15,95,,,,,dem
Fracture,35,171,,,,,dem
Fracture,19,107,,,,,dem
Fracture,49,127,,,,,dem
Fracture,66,139,,,,,dem
Fracture,103,123,,,,,dem
Fracture,50,118,,,,,dem
Fracture,38,129,,,,,dem
Fracture,18,94,,,,,dem
Fracture,44,89,,,,,dem
Fracture,52,134,,,,,dem
Fracture,23,156,,,,,dem
Fracture,34,150,,,,,dem
Fracture,25,166,,,,,dem
Fracture,46,112,,,,,dem
Fracture,57,112,,,,,dem
Fracture,78,118,,,,,dem
Fracture,51,130,,,,,dem
Fracture,16,86,,,,,dem
Fracture,68,101,,,,,dem
Fracture,136,59,,,,,dem
Fracture,12,120,,,,,dem
Fracture,28,132,,,,,dem
Fracture,33,96,,,,,dem
Fracture,29,119,,,,,dem
Fracture,28,103,,,,,dem
Fracture,24,112,,,,,dem
Fracture,32,30,,,,,dem
Fracture,16,155,,,,,dem
Fracture,16,136,,,,,dem
Fracture,85,139,,,,,dem
Fracture,45,102,,,,,dem
Fracture,40,116,,,,,dem
Fracture,48,67,,,,,dem
Fracture,46,177,,,,,dem
Fracture,29,174,,,,,dem
Fracture,17,81,,,,,dem
Fracture,31,96,,,,,dem
Fracture,166,180,,,,,dem
Fracture,74,75,,,,,dem
Fracture,29,87,,,,,dem
Fracture,47,173,,,,,dem
Fracture,50,160,,,,,dem
Fracture,62,145,,,,,dem
Fracture,38,159,,,,,dem
Fracture,36,101,,,,,dem
Fracture,53,76,,,,,dem
Fracture,108,0,,,,,dem
Fracture,34,96,,,,,dem
Fracture,67,165,,,,,dem
Fracture,21,141,,,,,dem
Fracture,56,165,,,,,dem
Fracture,167,179,,,,,dem
Fracture,27,158,,,,,dem
Fracture,19,175,,,,,dem
Fracture,64,174,,,,,dem
Fracture,147,68,,,,,dem
Fracture,43,74,,,,,dem
Fracture,10,16,,,,,dem
Fracture,52,170,,,,,dem
Fracture,66,160,,,,,dem
Fracture,30,174,,,,,dem
Fracture,26,145,,,,,dem
Fracture,64,166,,,,,dem
Fracture,32,164,,,,,dem
Fracture,36,80,,,,,dem
Fracture,55,51,,,,,dem
Fracture,56,7,,,,,dem
Fracture,28,23,,,,,dem
Fracture,20,109,,,,,dem
Fracture,71,120,,,,,dem
Fracture,68,60,,,,,dem
Fracture,10,146,,,,,dem
Fracture,32,114,,,,,dem
Fracture,65,108,,,,,dem
Fracture,35,103,,,,,dem
Fracture,43,108,,,,,dem
Fracture,37,125,,,,,dem
Fracture,13,133,,,,,dem
Fracture,41,151,,,,,dem
Fracture,30,119,,,,,dem
Fracture,48,172,,,,,dem
Fracture,129,59,,,,,dem
Fracture,28,111,,,,,dem
Fracture,74,86,,,,,dem
Fracture,71,59,,,,,dem
Fracture,78,53,,,,,dem
Fracture,16,118,,,,,dem
Fracture,35,78,,,,,dem
Fracture,27,96,,,,,dem
Fracture,26,179,,,,,dem
Fracture,21,153,,,,,dem
Fracture,51,92,,,,,dem
Fracture,16,102,,,,,dem
Fracture,25,108,,,,,dem
Fracture,14,73,,,,,dem
Fracture,136,123,,,,,dem
Fracture,135,119,,,,,dem
Fracture,35,95,,,,,dem
Fracture,134,116,,,,,dem
Fracture,156,96,,,,,dem
Fracture,111,129,,,,,dem
Fracture,21,91,,,,,dem
Fracture,46,45,,,,,dem
Fracture,9,100,,,,,dem
Fracture,46,99,,,,,dem
Fracture,56,106,,,,,dem
Fracture,61,98,,,,,dem
Fracture,46,126,,,,,dem
Fracture,55,100,,,,,dem
Fracture,30,69,339,75,,,cloud
Fracture,27,90,0,78,S,,cloud
Fracture,44,66,336,86,D,,cloud
Fracture,125,92,2,72,,,cloud
Fracture,20,95,5,65,S,,cloud
Fracture,23,90,0,89,S,,cloud
Fracture,5,67,337,45,,,cloud
Fracture,18,97,7,65,S,,cloud
Fracture,42,55,325,61,S,,cloud
Fracture,25,2,272,49,,,cloud
Fracture,45,59,329,63,S,,cloud
Fracture,,91,1,89,S,,cloud
Fracture,23,109,19,79,,,cloud
Fracture,40,37,307,73,,,cloud
Fracture,,89,179,85,,,cloud
Fracture,12,58,328,70,D,,cloud
Fracture,45,55,325,74,D,,cloud
Fracture,123,57,327,83,D,,cloud
Fracture,40,85,355,75,,,cloud
Fracture,80,48,318,71,,,cloud
Fracture,156,50,320,86,D,,cloud
Fracture,38,123,33,87,,,cloud
Fracture,12,175,265,63,,,cloud
Fracture,40,90,0,85,S,,cloud
Fracture,45,56,146,89,D,,cloud
Fracture,35,87,177,75,S,,cloud
Fracture,12,66,156,71,,,cloud
Fracture,48,89,179,69,S,,cloud
Fracture,18,48,138,84,D,,cloud
Fracture,38,53,143,75,D,,cloud
Fracture,4,66,156,53,,,cloud
Fracture,98,51,321,73,D,,cloud
Fracture,61,58,328,85,D,,cloud
Fracture,28,80,350,82,,,cloud
Fracture,10,106,16,64,,,cloud
Fracture,7,99,9,58,,,cloud
Fracture,24,48,318,88,D,,cloud
Fracture,30,88,358,83,S,,cloud
Fracture,15,62,332,68,D,,cloud
Fracture,35,79,349,78,,,cloud
Fracture,30,101,11,76,,,cloud
Fracture,20,119,29,80,,,cloud
Fracture,9,99,9,56,S,,cloud
Fracture,4,88,358,40,,,cloud
Fracture,8,131,221,78,,,cloud
Fracture,30,65,335,81,,,cloud
Fracture,18,56,326,69,D,,cloud
Fracture,25,62,152,72,,,cloud
 Fault,,90,0,70,,,field
 Fault,,95,5,80,,,field
 Fault,,99,9,85,,,field
 Fault,,100,10,80,,,field
 Fault,,100,10,80,,,field
 Fault,,101,11,89,,,field
 Fault,,102,12,89,,,field
 Fault,,102,12,75,,,field
 Fault,,105,15,85,,,field
 Fault,,107,17,70,,,field
 Fault,,109,19,79,,,field
 Fault,,110,20,80,,,field
 Fault,,110,20,85,,,field
 Fault,,112,22,80,,,field
 Fault,,115,25,80,,,field
 Fault,,120,30,70,,,field
 Fault,,120,30,78,,,field
 Fault,,130,40,60,,,field
 Fault,,133,43,89,,,field
 Fault,,135,45,86,,,field
 Fault,,135,45,85,,,field
 Fault,,137,47,87,,,field
 Fault,,148,58,85,,,field
 Fault,,150,60,90,,,field
 Fault,,150,60,70,,,field
 Fault,,35,125,85,,,field
 Fault,,40,130,85,,,field
 Fault,,45,135,70,,,field
 Fault,,50,140,80,,,field
 Fault,,60,150,70,,,field
 Fault,,80,170,80,,,field
 Fault,,85,175,65,,,field
 Fault,,85,175,85,,,field
 Fault,,89,179,60,,,field
 Fault,,90,180,60,,,field
 Fault,,95,185,85,,,field
 Fault,,96,186,89,,,field
 Fault,,98,188,80,,,field
 Fault,,100,190,65,,,field
 Fault,,100,190,80,,,field
 Fault,,100,190,85,,,field
 Fault,,102,192,70,,,field
 Fault,,110,200,60,,,field
 Fault,,110,200,75,,,field
 Fault,,110,200,72,,,field
 Fault,,115,205,85,,,field
 Fault,,125,215,80,,,field
 Fault,,140,230,50,,,field
 Fault,,158,248,80,,,field
 Fault,,160,250,87,,,field
 Fault,,169,259,80,,,field
 Fault,,180,270,75,,,field
 Fault,,30,300,89,,,field
 Fault,,40,310,82,,,field
 Fault,,40,310,85,,,field
 Fault,,50,320,70,,,field
 Fault,,50,320,75,,,field
 Fault,,50,320,87,,,field
 Fault,,52,322,80,,,field
 Fault,,55,325,60,,,field
 Fault,,60,330,73,,,field
 Fault,,70,340,80,,,field
 Fault,,72,342,68,,,field
 Fault,,75,345,80,,,field
 Fault,,75,345,75,,,field
 Fault,,80,350,52,,,field
 Fault,,88,358,89,,,field
 Fault,,42,132,84,,,field
 Fault,,50,140,84,,,field
 Fault,,68,158,50,,,field
 Fault,,93,183,75,,,field
 Fault,,35,305,83,,,field
 Fault,,39,309,70,,,field
 Fault,,46,316,79,,,field
 Fault,,49,319,85,,,field
 Fault,,51,321,87,,,field
 Joint,,133,43,83,,,field
 Joint,,141,231,86,,,field
 Joint,,138,228,85,,,field
 Joint,,137,227,77,,,field
 Fault,,99,9,80,D,,field
 Fault,,62,332,73,,,field
 Fault,,106,196,89,,,field
 Joint,,61,331,71,,,field
 Joint,,133,223,72,,,field
 Joint,,132,222,84,,,field
 Fault,,101,11,89,S,,field
 Fault,,77,347,75,S,,field
 Fault,,58,328,80,,,field
 Fault,,62,152,73,,,field
 Fault,,146,56,72,,,field
 Joint,,54,324,84,,,field
 Joint,,54,324,83,,,field
 Joint,,142,52,87,,,field
 Joint,,55,325,79,,,field
 Joint,,81,351,68,,,field
 Fault,,132,222,70,,,field
 Joint,,151,241,80,,,field
 Fault,,109,199,87,D,,field
 Joint,,148,238,81,,,field
 Fault,,137,47,87,S,,field
 Fault,,122,212,87,,,field
 Fault,,100,10,81,,,field
 Joint,,117,27,81,,,field
 Joint,,105,195,80,,,field
 Fault,,127,37,70,S,,field
 Fault,,88,358,67,,,field
 Joint,,142,232,76,,,field
 Joint,,133,223,79,,,field
 Fault,,143,233,80,S,,field
 Joint,,145,235,73,,,field
 Fault,,144,234,84,S,,field
 Fault,,163,73,79,S,,field
 Fault,,50,320,79,,,field
 Joint,,92,182,62,,,field
 Joint,,169,259,75,,,field
 Joint,,154,64,88,,,field
 Joint,,166,76,77,,,field
 Fault,,169,259,85,S,,field
 Joint,,138,48,88,,,field
 Joint,,146,236,76,,,field
 Fault,,130,40,87,S,,field
 Fault,,167,257,72,D,,field
 Fault,,137,227,88,D,,field
 Joint,,59,329,85,,,field
 Joint,,15,105,83,,,field
 Fault,,87,357,54,S,,field
 Fault,,80,350,66,,,field
 Joint,,83,353,66,,,field
 Fault,,51,321,60,N,,field
 Joint,,64,154,86,,,field
 Joint,,147,237,70,,,field
 Joint,,165,255,72,,,field
 Fault,,167,257,75,S,,field
 Joint,,16,286,79,,,field
 Joint,,114,24,82,,,field
 Joint,,149,239,79,,,field
 Joint,,99,9,71,,,field
 Fault,,125,215,80,D,,field
 Joint,,26,296,71,,,field
 Fault,,123,213,77,D,,field
 Fault,,125,215,89,R,,field
 Fault,,70,160,52,R,,field
 Joint,,40,130,73,,,field
 Fault,,4,274,65,S,,field
 Fault,,89,179,87,,,field
 Fault,,169,79,71,N,,field
 Fault,,30,300,78,D,,field
 Fault,,63,153,71,D,,field
 Fault,,43,313,76,,,field
 Fault,,54,324,69,D,,field
 Fault,,31,121,81,D,,field
 Fault,,53,323,77,D,,field
 Fault,,76,346,74,D,,field
 Fault,,75,165,88,,,field
 Fault,,111,201,75,S,,field
 Fault,,94,184,88,,,field
 Fault,,55,145,82,D,,field
 Fault,,165,255,73,S,,field
 Fault,,96,186,78,D,,field
 Joint,,19,289,88,,,field
 Fault,,113,203,71,,,field
 Fault,,103,13,75,D,,field
 Fault,,103,13,74,,,field
 Fault,,97,187,65,D,,field
 Fault,,95,185,68,D,,field
 Fault,,96,186,74,D,,field
 Fault,,83,173,77,D,,field
 Fault,,45,315,67,,,field
 Fault,,166,256,74,S,,field
 Fault,,89,359,84,D,,field
 Joint,,132,222,74,,,field
 Fault,,93,183,78,,,field
 Fault,,61,331,77,D,,field
 Joint,,124,214,76,,,field
 Joint,,12,102,89,,,field
 Joint,,63,153,62,,,field
 Fault,,135,225,85,S,,field
 Joint,,141,231,48,,,field
 Fault,,135,225,85,D,,field
 Fault,,75,165,48,R,,field
 Fault,,68,158,51,,,field
 Fault,,71,161,58,R,,field
 Fault,,50,140,55,S,,field
 Fault,,60,330,87,D,,field
 Fault,,41,311,72,,,field
 Fault,,37,127,82,D,,field
 Joint,,117,27,82,,,field
 Fault,,163,73,70,,,field
 Fault,,154,64,68,S,,field
 Fault,,163,73,89,N,,field
 Fault,,3,273,50,,,field
Vein,,165,255,55,,,scan
Fracture,,110,200,70,,0.5,scan
Vein,,165,255,55,,,scan
Fracture,,100,10,75,,0.6,scan
Vein,,165,255,55,,,scan
Fracture,,140,230,87,,0.3,scan
Vein,,170,260,70,,,scan
Fracture,,80,170,72,,0.1,scan
Fracture,,140,50,82,,0.3,scan
Fracture,,140,50,82,,0.3,scan
Vein,,165,255,55,,0.4,scan
Vein,,165,255,55,,0.4,scan
Vein,,180,90,75,,0.2,scan
Vein,,170,260,70,,0.2,scan
Vein,,170,260,70,,0.2,scan
Vein,,170,260,70,,0.2,scan
Vein,,170,260,70,,0.2,scan
Vein,,180,90,75,,0.1,scan
Vein,,180,90,75,,0.1,scan
Fracture,,110,20,75,,0.1,scan
Vein,,180,90,75,,,scan
Vein,,180,90,75,,,scan
Fracture,,120,210,72,,0.1,scan
Vein,,180,90,75,,,scan
Fracture,,120,210,72,,0.1,scan
Fracture,,120,210,72,,0.1,scan
Fracture,,135,45,70,,0.1,scan
Vein,,180,90,75,,0.1,scan
Fracture,,160,70,75,,0.05,scan
Fracture,,125,215,90,,0.05,scan
Vein,,180,90,75,,0.1,scan
Vein,,180,90,75,,0.1,scan
Fracture,,110,200,90,,0.2,scan
Vein,,180,90,75,,0.1,scan
Vein,,180,90,75,,0.1,scan
Fracture,,140,230,85,,0.1,scan
Fracture,,110,20,60,,0.5,scan
Vein,,62,152,75,,0.4,scan
Vein,,62,152,75,,0.4,scan
Vein,,62,152,75,,0.4,scan
Vein,,62,152,75,,0.4,scan
Vein,,180,90,75,,0.1,scan
Fracture,,88,178,80,,0.3,scan
Fracture,,135,225,70,,0.5,scan
Vein,,160,70,60,,,scan
Vein,,160,70,60,,,scan
Vein,,140,230,80,,0.5,scan
Fracture,,110,200,70,,,scan
Fracture,,110,200,70,,,scan
Fracture,,110,200,70,,,scan
Fracture,,110,200,70,,,scan
Fracture,,110,200,70,,,scan
Fracture,,110,200,70,,,scan
Fracture,,140,230,70,,,scan
Fracture,,140,230,70,,,scan
Fracture,,140,230,70,,,scan
,,,,,,,
Vein,,160,70,90,,,scan
,,,,,,,
,,,,,,,
Fracture,,110,200,70,,,scan
Fracture,,105,15,80,,0.3,scan
,,,,,,,
Fracture,,110,20,80,,,scan
Fracture,,110,20,80,,,scan
Fracture,,130,40,80,,,scan
Fracture,,130,40,80,,,scan
Fracture,,130,40,80,,,scan
Fracture,,105,15,80,,,scan
,,,,,,,
Fracture,,105,15,80,,,scan
,,,,,,,
,,,,,,,
,,,,,,,
,,,,,,,
,,,,,,,
,,,,,,,
,,,,,,,
Fracture,,99,9,82,,,scan
Fracture,,140,230,80,,,scan
Fracture,,140,230,80,,5,scan
Fracture,,140,230,80,,0.1,scan
Fracture,,99,9,82,,0.1,scan
,,,,,,,
Fracture,,140,230,80,,,scan
Fracture,,140,230,80,,,scan
Fracture,,140,230,80,,1,scan
Fracture,,105,195,85,,0.1,scan
Fracture,,105,195,85,,0.1,scan
Fracture,,147,57,89,,,scan
Vein,,160,70,90,,,scan
Fracture,,147,57,89,,,scan
Fracture,,147,57,89,,,scan
Fracture,,147,57,89,,,scan
Fracture,,129,219,85,,,scan
Fracture,,147,57,89,,,scan
Vein,,155,245,80,,0.1,scan
Fracture,,138,228,75,,,scan
Fracture,,145,235,90,,,scan
Fracture,,100,10,90,,,scan
Fracture,,145,235,84,,,scan
Fracture,,105,15,80,,,scan
Fracture,,100,10,90,,,scan
Fracture,,105,15,80,,,scan
Fracture,,105,15,80,,,scan
Fracture,,105,15,80,,,scan
Fracture,,150,240,85,,,scan
Fracture,,130,220,87,,,scan
Fracture,,130,220,87,,,scan
Fracture,,130,220,87,,,scan
Fracture,,150,240,85,,,scan
Fracture,,130,220,87,,,scan
Fracture,,130,220,87,,,scan
Fracture,,155,245,87,,,scan
Fracture,,160,250,87,,,scan
Fracture,,160,250,87,,,scan
Fracture,,140,50,87,,10,scan
Fracture,,138,48,85,,10,scan
Fracture,,138,48,85,,,scan
Fracture,,138,48,85,,,scan
Fracture,,138,48,85,,,scan
Fracture,,110,200,89,,,scan
Fracture,,110,200,89,,,scan
Fracture,,110,200,89,,,scan
Fracture,,120,210,90,,,scan
Fracture,,120,210,90,,,scan
Fracture,,120,210,90,,,scan
Fracture,,112,202,85,,,scan
Fracture,,135,225,85,,,scan
Fracture,,110,200,85,,,scan
Fracture,,110,200,85,,0.1,scan
Fracture,,130,220,80,,,scan
Fracture,,130,220,80,,,scan
Fracture,,130,220,80,,,scan
Fracture,,130,220,80,,0.1,scan
Fracture,,130,220,80,,,scan
Fracture,,130,220,80,,,scan
Fracture,,133,43,85,,,scan
Fracture,,133,43,85,,,scan
Fracture,,110,200,85,,,scan
Fracture,,180,90,85,,,scan
Fracture,,180,90,85,,,scan
Fracture,,119,29,85,,,scan
Fracture,,119,29,85,,,scan
Fracture,,155,245,90,,,scan
Fracture,,165,255,75,,,scan
Fracture,,165,255,75,,,scan
Fracture,,110,20,85,,,scan
Fracture,,110,20,85,,,scan
Fracture,,110,20,85,,,scan
Fracture,,110,20,85,,3,scan
Fracture,,110,20,85,,,scan
Fracture,,110,20,85,,,scan
Fracture,,110,20,85,,,scan
Fracture,,110,20,85,,,scan
Fracture,,110,20,85,,,scan
Fracture,,110,20,85,,,scan
Fracture,,130,220,90,,,scan
Fracture,,130,220,90,,,scan
Fracture,,130,220,90,,,scan
Fracture,,130,220,90,,,scan
Fracture,,130,220,90,,,scan
Fracture,,130,220,90,,,scan
Fracture,,100,190,80,,,scan
Fracture,,100,190,80,,,scan
Fracture,,152,242,90,,,scan
Fracture,,152,242,90,,,scan
Fracture,,152,242,90,,,scan
Fracture,,152,242,90,,,scan
Fracture,,152,242,90,,,scan
Fracture,,152,242,90,,,scan
Fracture,,152,242,90,,,scan
Fracture,,115,25,83,,0.4,scan
Fracture,,105,15,90,,,scan
Fracture,,135,225,85,,,scan
Fracture,,150,240,85,,,scan
Fracture,,105,15,90,,,scan
Fracture,,135,225,85,,,scan
Fracture,,170,80,80,,,scan
Fracture,,150,240,85,,,scan
Fracture,,170,80,80,,,scan
Fracture,,130,40,90,,,scan
Fracture,,130,40,90,,,scan
Fracture,,130,40,90,,,scan
Fracture,,130,40,90,,,scan
Fracture,,130,40,90,,,scan
Fracture,,130,40,90,,,scan
Fracture,,110,20,70,,,scan
Fracture,,170,80,75,,,scan
Fracture,,155,245,85,,,scan
Fracture,,155,245,85,,,scan
Fracture,,140,50,87,,,scan
Fracture,,130,40,85,,0.35,scan
Fracture,,130,40,85,,,scan
Fracture,,130,40,85,,,scan
Fracture,,130,40,85,,,scan
Fracture,,130,40,85,,,scan
Fracture,,145,55,80,,,scan
